name,organization,description,opportunity_type,check_size_min,check_size_max,stage,sectors,website,chicago_focused,location
100KM Ventures,100KM Ventures,"Focuses on Consumer, Tech. Invests at Seed stage.",vc,,,seed,"Consumer,Tech",https://100kmvc.com,False,
11 Tribes Ventures,11 Tribes Ventures,"Based in Chicago, IL. Focuses on Marketplace. Invests at Seed stage.",vc,1000000.0,5000000.0,seed,Marketplace,,True,"Chicago, IL"
20VC,20VC,"Focuses on Consumer, Tech. Invests at Seed stage.",vc,,,seed,"Consumer,Tech",https://www.thetwentyminutevc.com,False,
2Flo Ventures,2Flo Ventures,"Based in Chicago, IL. Focuses on Healthcare. Invests at Seed stage.",vc,,,seed,Healthcare,,True,"Chicago, IL"
3x5 Partners,3x5 Partners,Focuses on Tech. Invests at Seed stage.,vc,,,seed,Tech,,False,
53 Stations,53 Stations,Focuses on Tech. Invests at Seed stage.,vc,,,seed,Tech,,False,
7wire Ventures,7wire Ventures,Focuses on Tech. Invests at Seed stage.,vc,,,seed,Tech,,False,
8VC,8VC,"Focuses on Consumer, Tech. Invests at Seed stage.",vc,,,seed,"Consumer,Tech",https://www.8vc.com,False,
AAVIN Private Equity,AAVIN Private Equity,Focuses on Tech. Invests at Seed stage.,vc,,,seed,Tech,,False,
Abstraction Capital,Abstraction Capital,Focuses on Tech. Invests at Seed stage.,vc,,,seed,Tech,,False,
Abundant Venture Partners,Abundant Venture Partners,"Based in Chicago, IL. Focuses on Tech. Invests at Seed stage.",vc,,,seed,Tech,,True,"Chicago, IL"
Accenture,Accenture,Focuses on Tech. Invests at Seed stage.,vc,,,seed,Tech,,False,
Access Ventures,Access Ventures,"Focuses on Consumer, Tech. Invests at Seed stage.",vc,,,seed,"Consumer,Tech",https://www.accessventures.org,False,
Act One Ventures / Investor,Act One Ventures / Investor,"Based in Los Angeles, CA. Focuses on AI. Invests at Seed stage.",vc,,,seed,AI,,False,"Los Angeles, CA"
Acumen America,Acumen America,"Focuses on Consumer, Tech. Invests at Seed stage.",vc,,,seed,"Consumer,Tech",https://acumenamerica.org,False,
Adams Street Partners LLC,Adams Street Partners LLC,Based in Chicago. Focuses on Tech. Invests at Seed stage.,vc,,,seed,Tech,,True,Chicago
Adquizition and Extraordinary Capital,Adquizition and Extraordinary Capital,"Based in Chicago, IL. Focuses on Tech. Invests at Pre-Seed, Seed stage.",angel,0.0,250000.0,"pre-seed,seed",Tech,,True,"Chicago, IL"
Advantage Capital,Advantage Capital,Focuses on Tech. Invests at Seed stage.,vc,,,seed,Tech,,False,
Ag Startup Engine,Ag Startup Engine,Focuses on Tech. Invests at Seed stage.,vc,,,seed,Tech,,False,
Ag Ventures Alliance,Ag Ventures Alliance,Focuses on Tech. Invests at Seed stage.,vc,,,seed,Tech,,False,
Aglaé Ventures,Aglaé Ventures,"Focuses on Consumer, Tech. Invests at Seed stage.",vc,,,seed,"Consumer,Tech",https://www.aglaeventures.com,False,
Agman Partners,Agman Partners,Based in Chicago. Focuses on Tech. Invests at Seed stage.,vc,,,seed,Tech,,True,Chicago
Airtree Ventures,Airtree Ventures,"Focuses on Consumer, Tech. Invests at Seed stage.",vc,,,seed,"Consumer,Tech",https://www.airtree.vc,False,
AJ Tomas,AJ Tomas,Focuses on Tech. Invests at Seed stage.,vc,,,seed,Tech,,False,
ALEX GOLOD,ALEX GOLOD,Based in Alex. Focuses on Tech. Invests at Seed stage.,vc,,,seed,Tech,,False,Alex
Allegory Capital,Allegory Capital,"Focuses on AI, Healthcare, SaaS, B2B. Invests at Seed stage.",vc,,,seed,"AI,Healthcare,SaaS,B2B",,False,
Allianz Life,Allianz Life,"Based in Chicago, IL. Focuses on Tech. Invests at Seed stage.",vc,,,seed,Tech,,True,"Chicago, IL"
Altos Ventures,Altos Ventures,"Focuses on Consumer, Tech. Invests at Seed stage.",vc,,,seed,"Consumer,Tech",https://www.altos.vc,False,
Alumni Ventures,Alumni Ventures,"Focuses on Consumer, Tech. Invests at Seed stage.",vc,,,seed,"Consumer,Tech",https://www.av.vc,False,
Amanda DeMano,Amanda DeMano,Focuses on Tech. Invests at Seed stage.,vc,,,seed,Tech,,False,
Amplifica Capital,Amplifica Capital,"Focuses on Consumer, Tech. Invests at Seed stage.",vc,,,seed,"Consumer,Tech",https://www.amplifica.capital,False,
Amplifyer Ventures,Amplifyer Ventures,Focuses on Tech. Invests at Seed stage.,vc,,,seed,Tech,,False,
Andreessen Horowitz,Andreessen Horowitz,"Focuses on Consumer, Tech. Invests at Seed stage.",vc,,,seed,"Consumer,Tech",https://www.a16z.com,False,
andrew annacone,andrew annacone,Focuses on Tech. Invests at Seed stage.,vc,,,seed,Tech,,False,
Andrew Schoen,Andrew Schoen,"Focuses on Consumer, Tech. Invests at Seed stage.",vc,,,seed,"Consumer,Tech",,False,
Angel Investor,Angel Investor,"Based in Chicago, IL. Focuses on AI, FinTech, InsurTech. Invests at Seed stage.",angel,0.0,250000.0,seed,"AI,FinTech,InsurTech",,True,"Chicago, IL"
Angeles Investors,Angeles Investors,Focuses on Tech. Invests at Seed stage.,angel,,,seed,Tech,,False,
Ankith Jain,Ankith Jain,"Based in Chicago, IL. Focuses on Tech. Invests at Seed stage.",vc,,,seed,Tech,,True,"Chicago, IL"
Annie Wayda,Annie Wayda,Based in Annie. Focuses on Tech. Invests at Seed stage.,vc,,,seed,Tech,,False,Annie
April Welch,April Welch,Focuses on Tech. Invests at Seed stage.,vc,,,seed,Tech,,False,
ARC Capital Management LLC,ARC Capital Management LLC,"Based in New York City, NY. Focuses on AI, FinTech, Biotech. Invests at Pre-Seed, Seed stage.",vc,,,"pre-seed,seed","AI,FinTech,Biotech",,False,"New York City, NY"
Arch Grants,Arch Grants,Focuses on Tech. Invests at Seed stage.,vc,,,seed,Tech,,False,
ARCH Venture Partners,ARCH Venture Partners,Based in Chicago. Focuses on Tech. Invests at Seed stage.,vc,,,seed,Tech,,True,Chicago
Ardent Capital,Ardent Capital,Focuses on Tech. Invests at Seed stage.,vc,,,seed,Tech,,False,
Ariella Frank,Ariella Frank,Focuses on Tech. Invests at Seed stage.,vc,,,seed,Tech,,False,
ArkStream Capital,ArkStream Capital,"Focuses on Consumer, Tech. Invests at Seed stage.",vc,,,seed,"Consumer,Tech",https://arkstream.capital,False,
Arsenal Capital Management,Arsenal Capital Management,Focuses on Tech. Invests at Seed stage.,vc,,,seed,Tech,,False,
Arthington Properties LLC,Arthington Properties LLC,Focuses on Tech. Invests at Seed stage.,vc,,,seed,Tech,,False,
Ascend Venture Capital,Ascend Venture Capital,Focuses on Tech. Invests at Seed stage.,vc,,,seed,Tech,,False,
Ascension Ventures,Ascension Ventures,Focuses on Tech. Invests at Seed stage.,vc,,,seed,Tech,,False,
Ascent Capital Holdings,Ascent Capital Holdings,"Based in Chicago, IL. Focuses on Tech. Invests at Seed stage.",vc,,,seed,Tech,,True,"Chicago, IL"
ASCVC,ASCVC,"Focuses on Consumer, Tech. Invests at Seed stage.",vc,,,seed,"Consumer,Tech",https://www.ascvc.com,False,
Ashley Reid,Ashley Reid,Based in Ashley. Focuses on Tech. Invests at Seed stage.,vc,,,seed,Tech,,False,Ashley
Asset Management Ventures,Asset Management Ventures,"Focuses on Consumer, Tech. Invests at Seed stage.",vc,,,seed,"Consumer,Tech",https://www.assetman.com,False,
Astia Fund,Astia Fund,Focuses on Tech. Invests at Seed stage.,vc,,,seed,Tech,,False,
Astir Ventures,Astir Ventures,"Focuses on Consumer, Tech. Invests at Seed stage.",vc,,,seed,"Consumer,Tech",https://www.astir.vc,False,
Augment Ventures,Augment Ventures,"Focuses on Consumer, Tech. Invests at Seed stage.",vc,,,seed,"Consumer,Tech",https://www.augmentventures.com,False,
Automotive Ventures,Automotive Ventures,"Based in Atlanta, GA. Focuses on Tech. Invests at Seed stage.",vc,,,seed,Tech,,False,"Atlanta, GA"
AV.VC,AV.VC,"Based in Chicago, IL. Focuses on Tech. Invests at Seed stage.",vc,,,seed,Tech,,True,"Chicago, IL"
Avrom Goldstein,Avrom Goldstein,Based in Avrom. Focuses on Tech. Invests at Seed stage.,vc,,,seed,Tech,,False,Avrom
"AXS, University of Chicago, Made Scientific","AXS, University of Chicago, Made Scientific","Based in Los Angeles, CA. Focuses on Tech. Invests at Seed stage.",angel,0.0,250000.0,seed,Tech,,False,"Los Angeles, CA"
B5 Capital,B5 Capital,Focuses on Tech. Invests at Seed stage.,vc,,,seed,Tech,,False,
Bangladesh Angels Network,Bangladesh Angels Network,"Focuses on Consumer, Tech. Invests at Seed stage.",angel,,,seed,"Consumer,Tech",https://www.bdangels.co,False,
Basis Set Ventures,Basis Set Ventures,"Focuses on Consumer, Tech. Invests at Seed stage.",vc,,,seed,"Consumer,Tech",https://www.basisset.com,False,
BBG Ventures (North America),BBG Ventures (North America),"Focuses on Consumer, Tech. Invests at Seed stage.",vc,,,seed,"Consumer,Tech",https://www.bbgventures.com,False,
BECO Capital,BECO Capital,"Focuses on Consumer, Tech. Invests at Seed stage.",vc,,,seed,"Consumer,Tech",https://www.becocapital.com,False,
Bee Partners,Bee Partners,"Focuses on Consumer, Tech. Invests at Seed stage.",vc,,,seed,"Consumer,Tech",https://www.beepartners.vc,False,
Ben Sack,Ben Sack,Based in Ben. Focuses on Tech. Invests at Seed stage.,vc,,,seed,Tech,,False,Ben
Benzir income support program,Benzir income support program,Focuses on Tech. Invests at Seed stage.,vc,,,seed,Tech,,False,
Berks Group,Berks Group,Focuses on Tech. Invests at Seed stage.,vc,,,seed,Tech,,False,
Bessemer Venture Partners,Bessemer Venture Partners,"Focuses on Consumer, Tech. Invests at Seed stage.",vc,,,seed,"Consumer,Tech",https://www.bvp.com,False,
Better Capital (California),Better Capital (California),"Focuses on Consumer, Tech. Invests at Seed stage.",vc,,,seed,"Consumer,Tech",https://www.bettercapital.vc,False,
Bija Ventures,Bija Ventures,"Based in SF, CA. Focuses on Biotech. Invests at Pre-Seed, Seed stage.",angel,,,"pre-seed,seed",Biotech,,False,"SF, CA"
BioGenerator,BioGenerator,Focuses on Tech. Invests at Seed stage.,vc,,,seed,Tech,,False,
Bird Dog Equity Partners,Bird Dog Equity Partners,Focuses on Tech. Invests at Seed stage.,vc,,,seed,Tech,,False,
Blockchain Founders Fund,Blockchain Founders Fund,"Focuses on Consumer, Tech. Invests at Seed stage.",vc,,,seed,"Consumer,Tech",https://blockchainff.com,False,
Blu Ventures,Blu Ventures,Based in VA. Focuses on Healthcare. Invests at Series A stage.,vc,,,series-a,Healthcare,,False,VA
Blue Bear Capital,Blue Bear Capital,"Based in Jackson Hole, WY. Focuses on Climate. Invests at Series A stage.",vc,1000000.0,5000000.0,series-a,Climate,,False,"Jackson Hole, WY"
Blue Collective,Blue Collective,"Based in Brooklyn, NY. Focuses on Tech. Invests at Pre-Seed, Seed stage.",vc,,,"pre-seed,seed",Tech,,False,"Brooklyn, NY"
Blue Zone Ventures,Blue Zone Ventures,"Focuses on Consumer, Tech. Invests at Seed stage.",vc,,,seed,"Consumer,Tech",https://www.bluezone.ventures,False,
Bluestein Ventures,Bluestein Ventures,"Focuses on Consumer, Tech. Invests at Seed stage.",vc,,,seed,"Consumer,Tech",https://www.bluesteinventures.com,False,
Bluestem Capital Company,Bluestem Capital Company,Focuses on Tech. Invests at Seed stage.,vc,,,seed,Tech,,False,
Bodley Group,Bodley Group,Focuses on Tech. Invests at Seed stage.,vc,,,seed,Tech,,False,
Boeing HorizonX Global Ventures,Boeing HorizonX Global Ventures,Based in Chicago. Focuses on Tech. Invests at Seed stage.,vc,,,seed,Tech,,True,Chicago
Boost VC,Boost VC,"Focuses on Consumer, Tech. Invests at Seed stage.",vc,,,seed,"Consumer,Tech",https://www.boost.vc,False,
BoxGroup,BoxGroup,"Focuses on Consumer, Tech. Invests at Seed stage.",vc,,,seed,"Consumer,Tech",https://www.boxgroup.com,False,
Boxscore Games,Boxscore Games,"Based in Chicago, IL. Focuses on Tech. Invests at Seed stage.",vc,,,seed,Tech,,True,"Chicago, IL"
Bradley Horowitz,Bradley Horowitz,"Focuses on Consumer, Tech. Invests at Seed stage.",vc,,,seed,"Consumer,Tech",,False,
Branded Hospitality,Branded Hospitality,"Focuses on Consumer, Tech. Invests at Seed stage.",vc,,,seed,"Consumer,Tech",https://www.brandedstrategic.com,False,
Brian Crump,Brian Crump,"Based in Chicago, IL. Focuses on Tech. Invests at Seed stage.",vc,,,seed,Tech,,True,"Chicago, IL"
Bridge Investments,Bridge Investments,Based in Chicago. Focuses on Tech. Invests at Seed stage.,vc,,,seed,Tech,,True,Chicago
Bridge Latam,Bridge Latam,"Focuses on Consumer, Tech. Invests at Seed stage.",vc,,,seed,"Consumer,Tech",https://www.bridgelat.com,False,
Bridge Venture Fund,Bridge Venture Fund,Focuses on Tech. Invests at Seed stage.,vc,,,seed,Tech,,False,
Broadhorn Capital,Broadhorn Capital,Focuses on Tech. Invests at Seed stage.,vc,,,seed,Tech,,False,
Broadshade Investments,Broadshade Investments,"Focuses on Consumer, Tech. Invests at Seed stage.",vc,,,seed,"Consumer,Tech",https://www.broadshadeinvestments.com,False,
C2 Ventures,C2 Ventures,"Based in Houston, TX. Focuses on Tech. Invests at Seed stage.",vc,,,seed,Tech,,False,"Houston, TX"
Cade Ventures,Cade Ventures,"Based in New York, NY. Focuses on Healthcare, Consumer. Invests at Seed stage.",vc,,,seed,"Healthcare,Consumer",,False,"New York, NY"
Cake Ventures,Cake Ventures,"Focuses on Consumer, Tech. Invests at Seed stage.",vc,,,seed,"Consumer,Tech",https://www.cake.vc,False,
Cam Johnson,Cam Johnson,Focuses on Tech. Invests at Seed stage.,vc,,,seed,Tech,,False,
Capital Factory,Capital Factory,"Focuses on Consumer, Tech. Invests at Seed stage.",vc,,,seed,"Consumer,Tech",https://www.capitalfactory.com,False,
Capitalize VC,Capitalize VC,"Based in Boston, MA. Focuses on Tech. Invests at Seed stage.",vc,,,seed,Tech,,False,"Boston, MA"
Carao Ventures,Carao Ventures,"Focuses on Consumer, Tech. Invests at Seed stage.",vc,,,seed,"Consumer,Tech",https://www.caraov.com,False,
Caroline Greenberg,Caroline Greenberg,Based in Caroline. Focuses on Tech. Invests at Seed stage.,vc,,,seed,Tech,,False,Caroline
Cathexis Ventures,Cathexis Ventures,"Focuses on Consumer, Tech. Invests at Seed stage.",vc,,,seed,"Consumer,Tech",https://www.cathexisventures.com,False,
Centre Street Partners,Centre Street Partners,"Focuses on Consumer, Tech. Invests at Seed stage.",vc,,,seed,"Consumer,Tech",https://www.centrestreet.partners,False,
Cequel III,Cequel III,Focuses on Tech. Invests at Seed stage.,vc,,,seed,Tech,,False,
Chaifetz Group LLC,Chaifetz Group LLC,Focuses on Tech. Invests at Seed stage.,vc,,,seed,Tech,,False,
Charmides Capital,Charmides Capital,Based in IN. Focuses on SaaS. Invests at Seed stage.,vc,0.0,250000.0,seed,SaaS,,True,IN
Chateau Crypto,Chateau Crypto,"Focuses on Consumer, Tech. Invests at Seed stage.",vc,,,seed,"Consumer,Tech",https://www.chateaucrypto.vc,False,
Cherryrock Capital,Cherryrock Capital,"Based in San Francisco, CA. Focuses on AI, FinTech, Healthcare, Consumer. Invests at Series A stage.",vc,,,series-a,"AI,FinTech,Healthcare,Consumer",,False,"San Francisco, CA"
Chicago Early Growth Ventures,Chicago Early Growth Ventures,Based in IL. Focuses on Tech. Invests at Seed stage.,angel,0.0,250000.0,seed,Tech,,True,IL
Chicago Ventures,Chicago Ventures,Based in Chicago. Focuses on Tech. Invests at Seed stage.,vc,,,seed,Tech,,True,Chicago
Chingona Ventures,Chingona Ventures,Focuses on Tech. Invests at Seed stage.,vc,,,seed,Tech,,False,
Chirag Goel,Chirag Goel,Focuses on Tech. Invests at Seed stage.,vc,,,seed,Tech,,False,
Chloe Capital,Chloe Capital,Focuses on Tech. Invests at Seed stage.,vc,,,seed,Tech,,False,
Christian,Christian,Focuses on Tech. Invests at Seed stage.,vc,,,seed,Tech,,False,
Christian McKenzie,Christian McKenzie,Based in Christian. Focuses on Tech. Invests at Seed stage.,vc,,,seed,Tech,,False,Christian
Christyn S. Freemon,Christyn S. Freemon,Focuses on Tech. Invests at Seed stage.,vc,,,seed,Tech,,False,
Clare Brandfonbrener,Clare Brandfonbrener,Based in clare@av.vc. Focuses on Tech. Invests at Seed stage.,vc,,,seed,Tech,,False,clare@av.vc
Clark Thornburgh,Clark Thornburgh,Focuses on Tech. Invests at Seed stage.,vc,,,seed,Tech,,False,
Cleveland Avenue,Cleveland Avenue,Focuses on Tech. Invests at Seed stage.,vc,,,seed,Tech,,False,
Climate Capital,Climate Capital,"Focuses on Consumer, Tech. Invests at Seed stage.",vc,,,seed,"Consumer,Tech",https://www.climatecapital.co,False,
Clocktower Ventures,Clocktower Ventures,"Focuses on Consumer, Tech. Invests at Seed stage.",vc,,,seed,"Consumer,Tech",https://www.clocktowerventures.com,False,
Cobalt Ventures,Cobalt Ventures,Focuses on Tech. Invests at Seed stage.,vc,,,seed,Tech,,False,
Coinbase Ventures,Coinbase Ventures,"Focuses on Consumer, Tech. Invests at Seed stage.",vc,,,seed,"Consumer,Tech",https://ventures.coinbase.com,False,
Collars Global,Collars Global,"Based in Roselle, IL. Focuses on Tech. Invests at Seed stage.",vc,,,seed,Tech,,True,"Roselle, IL"
Collin Bhojwani,Collin Bhojwani,Focuses on Tech. Invests at Seed stage.,vc,,,seed,Tech,,False,
Completion Capital,Completion Capital,Focuses on Tech. Invests at Seed stage.,vc,,,seed,Tech,,False,
Computime Equity Ventures,Computime Equity Ventures,Focuses on Tech. Invests at Seed stage.,vc,,,seed,Tech,,False,
ConcreteRose,ConcreteRose,Focuses on Tech. Invests at Seed stage.,vc,,,seed,Tech,,False,
Conscious Venture Partners,Conscious Venture Partners,"Focuses on Consumer, Tech. Invests at Seed stage.",vc,,,seed,"Consumer,Tech",https://www.cvpartners.vc,False,
Corazon capital,Corazon capital,Based in Chicago. Focuses on Tech. Invests at Seed stage.,vc,,,seed,Tech,,True,Chicago
Cornerstone VC,Cornerstone VC,"Focuses on Consumer, Tech. Invests at Seed stage.",vc,,,seed,"Consumer,Tech",https://www.cornerstonevc.co,False,
Cosette Rodriguez,Cosette Rodriguez,Based in Cosette. Focuses on Tech. Invests at Seed stage.,vc,,,seed,Tech,,False,Cosette
Cosimo Capital,Cosimo Capital,Focuses on Tech. Invests at Seed stage.,vc,,,seed,Tech,,False,
Coughdrop Capital,Coughdrop Capital,"Focuses on Consumer, Tech. Invests at Seed stage.",vc,,,seed,"Consumer,Tech",https://www.coughdropcapital.com,False,
Courtyard Ventures,Courtyard Ventures,"Focuses on Consumer, Tech. Invests at Seed stage.",vc,,,seed,"Consumer,Tech",https://www.courtyard.vc,False,
Crane Venture Partners,Crane Venture Partners,"Focuses on Consumer, Tech. Invests at Seed stage.",vc,,,seed,"Consumer,Tech",https://www.crane.vc,False,
Creative Data Insights,Creative Data Insights,"Based in Pinehurst, NC. Focuses on SaaS. Invests at Seed stage.",angel,,,seed,SaaS,,False,"Pinehurst, NC"
CubeNexus Inc,CubeNexus Inc,"Based in Chicago, IL. Focuses on AI. Invests at Pre-Seed, Seed stage.",angel,0.0,250000.0,"pre-seed,seed",AI,,True,"Chicago, IL"
Cultivate(MD),Cultivate(MD),"Focuses on Consumer, Tech. Invests at Seed stage.",vc,,,seed,"Consumer,Tech",https://www.cultivate-md.com,False,
Cultivation Capital,Cultivation Capital,Focuses on Tech. Invests at Seed stage.,vc,,,seed,Tech,,False,
Culture City,Culture City,Focuses on Tech. Invests at Seed stage.,vc,,,seed,Tech,,False,
Cure8 Ventures,Cure8 Ventures,Focuses on Tech. Invests at Seed stage.,vc,,,seed,Tech,,False,
Dakota Venture Group,Dakota Venture Group,Focuses on Tech. Invests at Seed stage.,vc,,,seed,Tech,,False,
Dana Guthrie,Dana Guthrie,Focuses on Tech. Invests at Seed stage.,vc,,,seed,Tech,,False,
Daniel Gross,Daniel Gross,"Focuses on Consumer, Tech. Invests at Seed stage.",vc,,,seed,"Consumer,Tech",,False,
Daniel Townsend,Daniel Townsend,Focuses on Tech. Invests at Seed stage.,vc,,,seed,Tech,,False,
Dara Khosrowshahi,Dara Khosrowshahi,"Focuses on Consumer, Tech. Invests at Seed stage.",vc,,,seed,"Consumer,Tech",,False,
Databricks Ventures,Databricks Ventures,"Focuses on Consumer, Tech. Invests at Seed stage.",vc,,,seed,"Consumer,Tech",,False,
DataTribe,DataTribe,Focuses on Tech. Invests at Seed stage.,vc,,,seed,Tech,,False,
David Dalka,David Dalka,Based in David. Focuses on Tech. Invests at Seed stage.,vc,,,seed,Tech,,False,David
Decasonic,Decasonic,"Based in Chicago, IL. Focuses on Tech. Invests at Seed stage.",vc,,,seed,Tech,,True,"Chicago, IL"
Demetrius,Demetrius,Focuses on Tech. Invests at Seed stage.,vc,,,seed,Tech,,False,
Demetrius Palmer,Demetrius Palmer,Based in Demetrius. Focuses on Tech. Invests at Seed stage.,vc,,,seed,Tech,,False,Demetrius
DG Daiwa Ventures,DG Daiwa Ventures,"Focuses on Consumer, Tech. Invests at Seed stage.",vc,,,seed,"Consumer,Tech",https://www.dg-daiwa-v.com,False,
Diameta Ventures,Diameta Ventures,Focuses on Tech. Invests at Seed stage.,vc,,,seed,Tech,,False,
Dima Elissa,Dima Elissa,Focuses on Tech. Invests at Seed stage.,vc,,,seed,Tech,,False,
Dinsmore & Shohl LLP,Dinsmore & Shohl LLP,"Focuses on AI. Invests at Pre-Seed, Seed stage.",angel,0.0,250000.0,"pre-seed,seed",AI,,False,
Dipalo Ventures,Dipalo Ventures,"Based in Chicago, IL. Focuses on CleanTech. Invests at Seed stage.",vc,,,seed,CleanTech,,True,"Chicago, IL"
Distributed Ventures,Distributed Ventures,Focuses on Tech. Invests at Seed stage.,vc,,,seed,Tech,,False,
Dom Capital,Dom Capital,Focuses on Tech. Invests at Seed stage.,vc,,,seed,Tech,,False,
Douglas English,Douglas English,"Focuses on Consumer, Tech. Invests at Seed stage.",vc,,,seed,"Consumer,Tech",,False,
Draft Ventures,Draft Ventures,"Focuses on Consumer, Tech. Invests at Seed stage.",vc,,,seed,"Consumer,Tech",https://draftvc.com,False,
Dragonfly (San Francisco),Dragonfly (San Francisco),"Focuses on Consumer, Tech. Invests at Seed stage.",vc,,,seed,"Consumer,Tech",https://www.dragonfly.xyz,False,
Drive Capital,Drive Capital,Focuses on Tech. Invests at Seed stage.,vc,,,seed,Tech,,False,
Dujon Smith,Dujon Smith,Based in Dujon. Focuses on Tech. Invests at Seed stage.,vc,,,seed,Tech,,False,Dujon
Dundee Venture Capital,Dundee Venture Capital,"Focuses on Consumer, Tech. Invests at Seed stage.",vc,,,seed,"Consumer,Tech",https://www.dundeeventurecapital.com,False,
Earnest L Sweat,Earnest L Sweat,Based in Earnest. Focuses on Tech. Invests at Seed stage.,vc,,,seed,Tech,,False,Earnest
ECMC Ed Impact Fund,ECMC Ed Impact Fund,"Based in Chicago, IL. Focuses on Tech. Invests at Seed stage.",vc,,,seed,Tech,,True,"Chicago, IL"
ECMC Foundation,ECMC Foundation,"Focuses on Consumer, Tech. Invests at Seed stage.",vc,,,seed,"Consumer,Tech",https://www.ecmcfoundation.org,False,
Edelman Financial Services,Edelman Financial Services,Focuses on Tech. Invests at Seed stage.,vc,,,seed,Tech,,False,
Elevate Ventures,Elevate Ventures,"Based in Indianapolis, IN. Focuses on Tech. Invests at Pre-Seed, Seed stage.",vc,,,"pre-seed,seed",Tech,,True,"Indianapolis, IN"
Embark Ventures,Embark Ventures,"Focuses on Consumer, Tech. Invests at Seed stage.",vc,,,seed,"Consumer,Tech",https://www.embark.vc,False,
Embedding VC,Embedding VC,"Based in Menlo Park, CA. Focuses on AI. Invests at Seed stage.",vc,,,seed,AI,,False,"Menlo Park, CA"
Emmanuelle,Emmanuelle,Focuses on Tech. Invests at Seed stage.,vc,,,seed,Tech,,False,
Emmanuelle Beaurpere,Emmanuelle Beaurpere,Focuses on Tech. Invests at Seed stage.,vc,,,seed,Tech,,False,
Ensemble Innovations,Ensemble Innovations,Focuses on Tech. Invests at Seed stage.,vc,,,seed,Tech,,False,
Enterprise Center of Johnson County,Enterprise Center of Johnson County,Focuses on Tech. Invests at Seed stage.,vc,,,seed,Tech,,False,
Enterprise Holdings Ventures,Enterprise Holdings Ventures,Focuses on Tech. Invests at Seed stage.,vc,,,seed,Tech,,False,
Enzo Modesto,Enzo Modesto,Focuses on Tech. Invests at Seed stage.,vc,,,seed,Tech,,False,
Eric Shan,Eric Shan,Based in Eric. Focuses on Tech. Invests at Seed stage.,vc,,,seed,Tech,,False,Eric
Ernesto Gemoets,Ernesto Gemoets,"Based in Niles, IL. Focuses on Tech. Invests at Seed stage.",vc,,,seed,Tech,,True,"Niles, IL"
Essence Venture Capital,Essence Venture Capital,"Focuses on Consumer, Tech. Invests at Seed stage.",vc,,,seed,"Consumer,Tech",https://www.essencevc.fund,False,
Eterna Capital,Eterna Capital,"Focuses on Consumer, Tech. Invests at Seed stage.",vc,,,seed,"Consumer,Tech",https://www.eternacapital.com,False,
Evale Holdings,Evale Holdings,Focuses on Tech. Invests at Seed stage.,vc,,,seed,Tech,,False,
Eventide Asset Management,Eventide Asset Management,Focuses on Tech. Invests at Seed stage.,vc,,,seed,Tech,,False,
Evergreen Climate Innovations,Evergreen Climate Innovations,"Based in Chicago, IL. Focuses on Tech. Invests at Seed stage.",vc,,,seed,Tech,,True,"Chicago, IL"
Evergy Ventures,Evergy Ventures,Focuses on Tech. Invests at Seed stage.,vc,,,seed,Tech,,False,
Everywhere Ventures,Everywhere Ventures,"Focuses on Consumer, Tech. Invests at Seed stage.",vc,,,seed,"Consumer,Tech",https://everywhere.vc,False,
Evolve Ventures,Evolve Ventures,"Focuses on Consumer, Tech. Invests at Seed stage.",vc,,,seed,"Consumer,Tech",https://evolve.org,False,
Expert DOJO,Expert DOJO,"Focuses on Consumer, Tech. Invests at Seed stage.",vc,,,seed,"Consumer,Tech",https://www.expertdojo.com,False,
Failup Ventures,Failup Ventures,"Focuses on Consumer, Tech. Invests at Seed stage.",vc,,,seed,"Consumer,Tech",https://www.failup.com,False,
FedTech,FedTech,"Focuses on Consumer, Tech. Invests at Seed stage.",vc,,,seed,"Consumer,Tech",https://www.fedtech.io,False,
Feld Ventures,Feld Ventures,"Focuses on Consumer, Tech. Invests at Seed stage.",vc,,,seed,"Consumer,Tech",https://www.feldventures.com,False,
Female Founders Fund,Female Founders Fund,"Focuses on Consumer, Tech. Invests at Seed stage.",vc,,,seed,"Consumer,Tech",https://www.femalefoundersfund.com,False,
Fifth Third Bank,Fifth Third Bank,Focuses on Tech. Invests at Seed stage.,vc,,,seed,Tech,,False,
FINTOP Capital,FINTOP Capital,Focuses on Tech. Invests at Seed stage.,vc,,,seed,Tech,,False,
Firebrand Ventures,Firebrand Ventures,Focuses on Tech. Invests at Seed stage.,vc,,,seed,Tech,,False,
First Analysis,First Analysis,Based in Chicago. Focuses on Tech. Invests at Seed stage.,vc,,,seed,Tech,,True,Chicago
First In,First In,"Focuses on Consumer, Tech. Invests at Seed stage.",vc,,,seed,"Consumer,Tech",https://www.wearefirstin.com,False,
Fitz Gate Ventures,Fitz Gate Ventures,"Based in Houston, TX. Focuses on Tech. Invests at Seed stage.",vc,,,seed,Tech,,False,"Houston, TX"
Flori Ventures,Flori Ventures,"Focuses on Consumer, Tech. Invests at Seed stage.",vc,,,seed,"Consumer,Tech",https://www.floriventures.com,False,
Flyover Capital,Flyover Capital,Focuses on Tech. Invests at Seed stage.,vc,,,seed,Tech,,False,
Foley & Lardner,Foley & Lardner,"Based in Chicago, IL. Focuses on Tech. Invests at Seed stage.",vc,,,seed,Tech,,True,"Chicago, IL"
Foley Ventures,Foley Ventures,Based in Chicago. Focuses on Tech. Invests at Seed stage.,vc,,,seed,Tech,,True,Chicago
Forrest Haydon,Forrest Haydon,Based in forrest@mjventures.org. Focuses on Tech. Invests at Seed stage.,vc,,,seed,Tech,,False,forrest@mjventures.org
Forum Ventures,Forum Ventures,"Focuses on Consumer, Tech. Invests at Seed stage.",vc,,,seed,"Consumer,Tech",https://www.forumvc.com,False,
Founders Fund,Founders Fund,"Focuses on Consumer, Tech. Invests at Seed stage.",vc,,,seed,"Consumer,Tech",https://www.foundersfund.com,False,
"Founders, Inc","Founders, Inc","Focuses on Consumer, Tech. Invests at Seed stage.",vc,,,seed,"Consumer,Tech",https://www.f.inc,False,
Fractal Software,Fractal Software,"Focuses on Consumer, Tech. Invests at Seed stage.",vc,,,seed,"Consumer,Tech",https://www.fractalsoftware.com,False,
FT Capital Partners,FT Capital Partners,"Based in Chicago, IL. Focuses on Tech. Invests at Seed stage.",vc,,,seed,Tech,,True,"Chicago, IL"
FTW Ventures,FTW Ventures,"Focuses on Consumer, Tech. Invests at Seed stage.",vc,,,seed,"Consumer,Tech",https://www.ftw.vc,False,
Fulcrum Global Capital,Fulcrum Global Capital,Focuses on Tech. Invests at Seed stage.,vc,,,seed,Tech,,False,
Fusion Fund,Fusion Fund,"Focuses on Consumer, Tech. Invests at Seed stage.",vc,,,seed,"Consumer,Tech",https://www.fusionfund.com,False,
Fusion Software Solutions,Fusion Software Solutions,Focuses on Tech. Invests at Seed stage.,vc,,,seed,Tech,,False,
Fuzzitech,Fuzzitech,"Based in Chicago, IL. Focuses on Tech. Invests at Pre-Seed, Seed stage.",vc,0.0,250000.0,"pre-seed,seed",Tech,,True,"Chicago, IL"
G2 Momentum Capital,G2 Momentum Capital,"Focuses on Consumer, Tech. Invests at Seed stage.",vc,,,seed,"Consumer,Tech",https://www.g2momentum.capital,False,
Garrett Langley,Garrett Langley,"Focuses on Consumer, Tech. Invests at Seed stage.",vc,,,seed,"Consumer,Tech",,False,
Gateway Capital,Gateway Capital,Focuses on Tech. Invests at Seed stage.,vc,,,seed,Tech,,False,
GBV Capital,GBV Capital,"Focuses on Consumer, Tech. Invests at Seed stage.",vc,,,seed,"Consumer,Tech",https://gbv.capital,False,
General Catalyst,General Catalyst,"Focuses on Consumer, Tech. Invests at Seed stage.",vc,,,seed,"Consumer,Tech",https://www.generalcatalyst.com,False,
GenHenn Capital,GenHenn Capital,"Focuses on Consumer, Tech. Invests at Seed stage.",vc,,,seed,"Consumer,Tech",https://www.genhenncapital.com,False,
George Chikovani,George Chikovani,Focuses on Tech. Invests at Seed stage.,vc,,,seed,Tech,,False,
Gerald Yao,Gerald Yao,"Focuses on Consumer, Tech. Invests at Seed stage.",vc,,,seed,"Consumer,Tech",,False,
GFR Fund,GFR Fund,"Focuses on Consumer, Tech. Invests at Seed stage.",vc,,,seed,"Consumer,Tech",https://www.gfrfund.com,False,
Global Support Capital,Global Support Capital,"Focuses on Consumer, Tech. Invests at Seed stage.",vc,,,seed,"Consumer,Tech",https://globalsupportcapital.com,False,
Good Growth Capital,Good Growth Capital,"Based in Boston, MA. Focuses on Tech. Invests at Seed stage.",vc,,,seed,Tech,,False,"Boston, MA"
Google for Startups,Google for Startups,Focuses on Tech. Invests at Seed stage.,vc,,,seed,Tech,,False,
Gradient Ventures,Gradient Ventures,"Focuses on Consumer, Tech. Invests at Seed stage.",vc,,,seed,"Consumer,Tech",https://www.gradient.com,False,
Green Sands Equity,Green Sands Equity,"Focuses on Consumer, Tech. Invests at Seed stage.",vc,,,seed,"Consumer,Tech",https://www.greensandsequity.com,False,
Greenoaks Capital Partners,Greenoaks Capital Partners,"Focuses on Consumer, Tech. Invests at Seed stage.",vc,,,seed,"Consumer,Tech",https://www.greenoaks.com,False,
Greycroft,Greycroft,"Focuses on Consumer, Tech. Invests at Seed stage.",vc,,,seed,"Consumer,Tech",https://www.greycroft.com,False,
GreyMatter Capital,GreyMatter Capital,Focuses on Tech. Invests at Seed stage.,vc,,,seed,Tech,,False,
Grisel Hernandez,Grisel Hernandez,Based in Grisel. Focuses on Tech. Invests at Seed stage.,vc,,,seed,Tech,,False,Grisel
Group One Capital,Group One Capital,Focuses on Tech. Invests at Seed stage.,vc,,,seed,Tech,,False,
Guarneri Hall,Guarneri Hall,Focuses on Tech. Invests at Seed stage.,vc,,,seed,Tech,,False,
Gumi America,Gumi America,"Based in San Francisco, CA. Focuses on AI, Robotics. Invests at Seed stage.",vc,,,seed,"AI,Robotics",,False,"San Francisco, CA"
gumi cryptos capital,gumi cryptos capital,Based in CA. Focuses on Tech. Invests at Seed stage.,vc,,,seed,Tech,,False,CA
Gutter Capital,Gutter Capital,"Based in NYC, NY. Focuses on Tech. Invests at Pre-Seed, Seed stage.",vc,1000000.0,5000000.0,"pre-seed,seed",Tech,,False,"NYC, NY"
Hallstone,Hallstone,"Based in San Francisco, CA. Focuses on AI. Invests at Seed stage.",vc,,,seed,AI,,False,"San Francisco, CA"
Hannah Graham,Hannah Graham,Focuses on Tech. Invests at Seed stage.,vc,,,seed,Tech,,False,
Harlem Capital,Harlem Capital,"Focuses on Consumer, Tech. Invests at Seed stage.",vc,,,seed,"Consumer,Tech",https://harlem.capital,False,
Harry Stebbings,Harry Stebbings,"Focuses on Consumer, Tech. Invests at Seed stage.",vc,,,seed,"Consumer,Tech",,False,
Harvest Capital Group,Harvest Capital Group,Focuses on Tech. Invests at Seed stage.,vc,,,seed,Tech,,False,
Harvey Castro,Harvey Castro,"Focuses on Consumer, Tech. Invests at Seed stage.",vc,,,seed,"Consumer,Tech",,False,
Hermann Companies,Hermann Companies,Focuses on Tech. Invests at Seed stage.,vc,,,seed,Tech,,False,
High Alpha,High Alpha,"Based in Chicago, IL. Focuses on AI, SaaS, B2B. Invests at Series A stage.",vc,,,series-a,"AI,SaaS,B2B",,True,"Chicago, IL"
Holton Capital Group,Holton Capital Group,Focuses on Tech. Invests at Seed stage.,vc,,,seed,Tech,,False,
Honey Island Capital,Honey Island Capital,"Focuses on Consumer, Tech. Invests at Seed stage.",vc,,,seed,"Consumer,Tech",https://www.honeyisland.capital,False,
Houston Angel Network,Houston Angel Network,"Focuses on Consumer, Tech. Invests at Seed stage.",angel,,,seed,"Consumer,Tech",https://www.houstonangelnetwork.org,False,
Hyde Park Venture Partners,Hyde Park Venture Partners,"Based in Acton, MA. Focuses on Tech. Invests at Seed stage.",vc,1000000.0,5000000.0,seed,Tech,,False,"Acton, MA"
Hylton Irons,Hylton Irons,Based in Hylton. Focuses on Tech. Invests at Seed stage.,vc,,,seed,Tech,,False,Hylton
Ibraheem Alinur,Ibraheem Alinur,Based in Ibraheem. Focuses on Tech. Invests at Seed stage.,vc,,,seed,Tech,,False,Ibraheem
ICI Fund,ICI Fund,Focuses on Tech. Invests at Seed stage.,vc,,,seed,Tech,,False,
IDEA Fund Partners,IDEA Fund Partners,"Focuses on Consumer, Tech. Invests at Seed stage.",vc,,,seed,"Consumer,Tech",https://www.ideafundpartners.com,False,
Illinois Institute of Technology,Illinois Institute of Technology,"Based in Chicago, IL. Focuses on Tech. Invests at Seed stage.",vc,,,seed,Tech,,True,"Chicago, IL"
Impact America Fund,Impact America Fund,Focuses on Tech. Invests at Seed stage.,vc,,,seed,Tech,,False,
Impact Engine,Impact Engine,Focuses on Tech. Invests at Seed stage.,vc,,,seed,Tech,,False,
ImpactAssets,ImpactAssets,"Focuses on Consumer, Tech. Invests at Seed stage.",vc,,,seed,"Consumer,Tech",https://www.impactassets.org,False,
Index Ventures,Index Ventures,"Focuses on Consumer, Tech. Invests at Seed stage.",vc,,,seed,"Consumer,Tech",https://www.indexventures.com,False,
Inflect Capital,Inflect Capital,"Focuses on Consumer, Tech. Invests at Seed stage.",vc,,,seed,"Consumer,Tech",https://inflect.health,False,
Inicio Ventures,Inicio Ventures,"Focuses on Consumer, Tech. Invests at Seed stage.",vc,,,seed,"Consumer,Tech",https://www.inicio.ventures,False,
Innogen Capital Ventures,Innogen Capital Ventures,"Focuses on Consumer, Tech. Invests at Seed stage.",vc,,,seed,"Consumer,Tech",https://innogencapital.com,False,
Insight Partners,Insight Partners,Focuses on Tech. Invests at Seed stage.,vc,,,seed,Tech,,False,
IrishAngels,IrishAngels,"Based in Denver, CO. Focuses on Tech. Invests at Seed stage.",angel,,,seed,Tech,,False,"Denver, CO"
IrishAngels Inc.,IrishAngels Inc.,Based in Chicago. Focuses on Tech. Invests at Seed stage.,angel,,,seed,Tech,,True,Chicago
Ironwood Investment Management,Ironwood Investment Management,"Focuses on Consumer, Tech. Invests at Seed stage.",vc,,,seed,"Consumer,Tech",https://www.ironwoodinv.com,False,
ISA Ventures,ISA Ventures,Focuses on Tech. Invests at Seed stage.,vc,,,seed,Tech,,False,
iSelect Fund,iSelect Fund,Focuses on Tech. Invests at Seed stage.,vc,,,seed,Tech,,False,
Israel Munoz,Israel Munoz,Based in Israel. Focuses on Tech. Invests at Seed stage.,vc,,,seed,Tech,,False,Israel
Jacob snider,Jacob snider,Focuses on Tech. Invests at Seed stage.,vc,,,seed,Tech,,False,
Jadey Ryndak,Jadey Ryndak,"Based in Vocation, LLC. Focuses on Tech. Invests at Seed stage.",vc,,,seed,Tech,,False,"Vocation, LLC"
JAM FINTOP,JAM FINTOP,Focuses on Tech. Invests at Seed stage.,vc,,,seed,Tech,,False,
Janet Yim,Janet Yim,Based in Janet. Focuses on Tech. Invests at Seed stage.,vc,,,seed,Tech,,False,Janet
"JCP Advisors, LLC","JCP Advisors, LLC",Focuses on Tech. Invests at Seed stage.,vc,,,seed,Tech,,False,
Jeff Stowell,Jeff Stowell,Based in jeff@royalstreet.vc. Focuses on Tech. Invests at Seed stage.,vc,,,seed,Tech,,False,jeff@royalstreet.vc
Jeffrey Kochikaran,Jeffrey Kochikaran,Based in Jeffrey. Focuses on Tech. Invests at Seed stage.,vc,,,seed,Tech,,False,Jeffrey
JHH vc,JHH vc,"Focuses on Consumer, Tech. Invests at Seed stage.",vc,,,seed,"Consumer,Tech",https://www.jhh.vc,False,
Johnson & Johnson Innovation - JJDC,Johnson & Johnson Innovation - JJDC,"Focuses on Consumer, Tech. Invests at Seed stage.",vc,,,seed,"Consumer,Tech",https://www.jnjinnovation.com/jjdc,False,
Jon David Willingham,Jon David Willingham,Based in Jon. Focuses on Tech. Invests at Seed stage.,vc,,,seed,Tech,,False,Jon
Jonathan Wasserstrum,Jonathan Wasserstrum,"Focuses on Consumer, Tech. Invests at Seed stage.",vc,,,seed,"Consumer,Tech",,False,
Joseph C Powell,Joseph C Powell,Focuses on Tech. Invests at Seed stage.,vc,,,seed,Tech,,False,
Julie Moylan,Julie Moylan,Focuses on Tech. Invests at Seed stage.,vc,,,seed,Tech,,False,
Julius Genachowski,Julius Genachowski,"Focuses on Consumer, Tech. Invests at Seed stage.",vc,,,seed,"Consumer,Tech",,False,
Jumpstart Foundry,Jumpstart Foundry,"Focuses on Consumer, Tech. Invests at Seed stage.",vc,,,seed,"Consumer,Tech",https://www.jsf.co,False,
Jyothi Vallurupalli,Jyothi Vallurupalli,Focuses on Tech. Invests at Seed stage.,vc,,,seed,Tech,,False,
Kaili Tu,Kaili Tu,Based in Kaili. Focuses on Tech. Invests at Seed stage.,vc,,,seed,Tech,,False,Kaili
Kat Cole,Kat Cole,"Focuses on Consumer, Tech. Invests at Seed stage.",vc,,,seed,"Consumer,Tech",,False,
Katelyn Vierk,Katelyn Vierk,Based in Katelyn. Focuses on Tech. Invests at Seed stage.,vc,,,seed,Tech,,False,Katelyn
Kathy Tong,Kathy Tong,Focuses on Tech. Invests at Seed stage.,vc,,,seed,Tech,,False,
Katie Kopan,Katie Kopan,Focuses on Tech. Invests at Seed stage.,vc,,,seed,Tech,,False,
Kayla Dusing,Kayla Dusing,Based in Kayla. Focuses on Tech. Invests at Seed stage.,vc,,,seed,Tech,,False,Kayla
KB Partners,KB Partners,"Based in Chicago, IL. Focuses on Tech. Invests at Seed stage.",vc,,,seed,Tech,,True,"Chicago, IL"
KB Partners LLC,KB Partners LLC,Focuses on Tech. Invests at Seed stage.,vc,,,seed,Tech,,False,
KCRise Fund,KCRise Fund,Focuses on Tech. Invests at Seed stage.,vc,,,seed,Tech,,False,
Keiretsu Forum,Keiretsu Forum,"Focuses on Consumer, Tech. Invests at Seed stage.",vc,,,seed,"Consumer,Tech",https://www.keiretsuforum.com,False,
Kelly Hoppesch,Kelly Hoppesch,"Based in Chicago, IL. Focuses on Tech. Invests at Seed stage.",vc,,,seed,Tech,,True,"Chicago, IL"
Ken Stokes,Ken Stokes,Based in Ken. Focuses on Tech. Invests at Seed stage.,vc,,,seed,Tech,,False,Ken
Kevin Mahaffey,Kevin Mahaffey,"Focuses on Consumer, Tech. Invests at Seed stage.",vc,,,seed,"Consumer,Tech",,False,
Kevin Moore,Kevin Moore,Based in Kevin. Focuses on Tech. Invests at Seed stage.,vc,,,seed,Tech,,False,Kevin
Kevin Willer,Kevin Willer,Focuses on Tech. Invests at Seed stage.,vc,,,seed,Tech,,False,
Khosla Ventures,Khosla Ventures,"Focuses on Consumer, Tech. Invests at Seed stage.",vc,,,seed,"Consumer,Tech",https://www.khoslaventures.com,False,
Konza Valley Capital,Konza Valley Capital,Focuses on Tech. Invests at Seed stage.,vc,,,seed,Tech,,False,
Kula Communications,Kula Communications,"Based in Chicago, IL. Focuses on Tech. Invests at Seed stage.",vc,,,seed,Tech,,True,"Chicago, IL"
Kunal Shah,Kunal Shah,"Focuses on Consumer, Tech. Invests at Seed stage.",vc,,,seed,"Consumer,Tech",,False,
L'ATTITUDE Ventures,L'ATTITUDE Ventures,Focuses on Tech. Invests at Seed stage.,vc,,,seed,Tech,,False,
Laconia Capital Group,Laconia Capital Group,"Focuses on Consumer, Tech. Invests at Seed stage.",vc,,,seed,"Consumer,Tech",https://www.laconiacapitalgroup.com,False,
Lagomaj Capital,Lagomaj Capital,Focuses on Tech. Invests at Seed stage.,vc,,,seed,Tech,,False,
Landon Campbell,Landon Campbell,Based in Landon. Focuses on Tech. Invests at Seed stage.,vc,,,seed,Tech,,False,Landon
Launch Africa Ventures,Launch Africa Ventures,"Focuses on Consumer, Tech. Invests at Seed stage.",vc,,,seed,"Consumer,Tech",https://www.launchafrica.vc,False,
Laurie Finkielsztein,Laurie Finkielsztein,Based in Laurie. Focuses on Tech. Invests at Seed stage.,vc,,,seed,Tech,,False,Laurie
Layne Haber,Layne Haber,"Focuses on Consumer, Tech. Invests at Seed stage.",vc,,,seed,"Consumer,Tech",,False,
Leadership Innovation Lab,Leadership Innovation Lab,"Based in IL. Focuses on Healthcare, Biotech. Invests at Pre-Seed, Seed stage.",vc,0.0,250000.0,"pre-seed,seed","Healthcare,Biotech",,True,IL
Leawood Venture Capital,Leawood Venture Capital,Focuses on Tech. Invests at Seed stage.,vc,,,seed,Tech,,False,
Lemniscap,Lemniscap,"Focuses on Consumer, Tech. Invests at Seed stage.",vc,,,seed,"Consumer,Tech",https://lemniscap.com,False,
Leonis Investissement,Leonis Investissement,"Focuses on Consumer, Tech. Invests at Seed stage.",vc,,,seed,"Consumer,Tech",https://www.leonis.vc,False,
Lerer Hippeau,Lerer Hippeau,"Focuses on Consumer, Tech. Invests at Seed stage.",vc,,,seed,"Consumer,Tech",https://www.lererhippeau.com,False,
Lewis & Clark AgriFood,Lewis & Clark AgriFood,Focuses on Tech. Invests at Seed stage.,vc,,,seed,Tech,,False,
Lewis & Clark Ventures,Lewis & Clark Ventures,Focuses on Tech. Invests at Seed stage.,vc,,,seed,Tech,,False,
Lewis and Clark Capital,Lewis and Clark Capital,Focuses on Tech. Invests at Seed stage.,vc,,,seed,Tech,,False,
Lightbank,Lightbank,"Based in Chicago, IL. Focuses on Tech. Invests at Pre-Seed, Seed stage.",vc,,,"pre-seed,seed",Tech,,True,"Chicago, IL"
Lightrock,Lightrock,"Focuses on Consumer, Tech. Invests at Seed stage.",vc,,,seed,"Consumer,Tech",https://www.lightrock.com,False,
Linseed Capital,Linseed Capital,Focuses on Tech. Invests at Seed stage.,vc,,,seed,Tech,,False,
LionBird Ventures,LionBird Ventures,Focuses on Tech. Invests at Seed stage.,vc,,,seed,Tech,,False,
Listen Ventures,Listen Ventures,Based in Chicago. Focuses on Tech. Invests at Seed stage.,vc,,,seed,Tech,,True,Chicago
Litani Ventures,Litani Ventures,"Focuses on Consumer, Tech. Invests at Seed stage.",vc,,,seed,"Consumer,Tech",https://www.litani.com,False,
Litquidity Capital,Litquidity Capital,"Focuses on Consumer, Tech. Invests at Seed stage.",vc,,,seed,"Consumer,Tech",https://www.litquidity.co,False,
Lofty Ventures,Lofty Ventures,Focuses on Tech. Invests at Seed stage.,vc,,,seed,Tech,,False,
Loud Capital,Loud Capital,Based in Chicago. Focuses on Tech. Invests at Seed stage.,vc,,,seed,Tech,,True,Chicago
m]x[v Capital,m]x[v Capital,"Focuses on Consumer, Tech. Invests at Seed stage.",vc,,,seed,"Consumer,Tech",https://www.mxv.vc,False,
Mana Ventures,Mana Ventures,"Focuses on Consumer, Tech. Invests at Seed stage.",vc,,,seed,"Consumer,Tech",https://www.manaventures.vc,False,
ManchesterStory,ManchesterStory,Focuses on Tech. Invests at Seed stage.,vc,,,seed,Tech,,False,
Maple VC,Maple VC,"Focuses on Consumer, Tech. Invests at Seed stage.",vc,,,seed,"Consumer,Tech",https://www.maplevc.com,False,
Mark Ghermezian,Mark Ghermezian,"Focuses on Consumer, Tech. Invests at Seed stage.",vc,,,seed,"Consumer,Tech",,False,
Marlena Guttman,Marlena Guttman,Focuses on Tech. Invests at Seed stage.,vc,,,seed,Tech,,False,
Maschmeyer Group Ventures,Maschmeyer Group Ventures,"Focuses on Consumer, Tech. Invests at Seed stage.",vc,,,seed,"Consumer,Tech",https://www.mgv.vc,False,
MATH Venture Partners,MATH Venture Partners,Based in Chicago. Focuses on Tech. Invests at Seed stage.,vc,,,seed,Tech,,True,Chicago
Matt Howard,Matt Howard,Based in Matt. Focuses on Tech. Invests at Seed stage.,vc,,,seed,Tech,,False,Matt
Matt Jones,Matt Jones,Based in matthew@av.vc. Focuses on Tech. Invests at Seed stage.,vc,,,seed,Tech,,False,matthew@av.vc
Matt Olivo,Matt Olivo,Based in matt@c2ventures.co. Focuses on Tech. Invests at Seed stage.,vc,,,seed,Tech,,False,matt@c2ventures.co
Maurice Boissiere,Maurice Boissiere,Based in Maurice. Focuses on Tech. Invests at Seed stage.,vc,,,seed,Tech,,False,Maurice
Maven 11,Maven 11,"Focuses on Consumer, Tech. Invests at Seed stage.",vc,,,seed,"Consumer,Tech",https://www.maven11.com,False,
Mayson Capital Partners,Mayson Capital Partners,Focuses on Tech. Invests at Seed stage.,vc,,,seed,Tech,,False,
MDSV Capital,MDSV Capital,"Focuses on Consumer, Tech. Invests at Seed stage.",vc,,,seed,"Consumer,Tech",https://www.mdsv.vc,False,
Melissa Conroy,Melissa Conroy,Focuses on Tech. Invests at Seed stage.,vc,,,seed,Tech,,False,
Melitas Ventures,Melitas Ventures,"Based in New York City, NY. Focuses on FoodTech. Invests at Series A stage.",vc,1000000.0,5000000.0,series-a,FoodTech,,False,"New York City, NY"
Mercer Ranches Inc,Mercer Ranches Inc,Based in Prosser. Focuses on Tech. Invests at Seed stage.,vc,,,seed,Tech,,False,Prosser
Mercury Fund,Mercury Fund,"Focuses on Consumer, Tech. Invests at Seed stage.",vc,,,seed,"Consumer,Tech",https://www.mercuryfund.com,False,
Meridian Ventures,Meridian Ventures,"Focuses on Consumer, Tech. Invests at Seed stage.",vc,,,seed,"Consumer,Tech",https://meridianventures.co,False,
MetaProp NYC,MetaProp NYC,"Focuses on Consumer, Tech. Invests at Seed stage.",vc,,,seed,"Consumer,Tech",https://www.metaprop.com,False,
Metastable,Metastable,"Based in Chicago, IL. Focuses on Tech. Invests at Seed stage.",vc,,,seed,Tech,,True,"Chicago, IL"
Method Capital,Method Capital,Based in Chicago. Focuses on Tech. Invests at Seed stage.,vc,,,seed,Tech,,True,Chicago
MGV Capital Group,MGV Capital Group,"Focuses on Consumer, Tech. Invests at Seed stage.",vc,,,seed,"Consumer,Tech",https://www.mgvcapital.com,False,
MH Ventures,MH Ventures,"Focuses on Consumer, Tech. Invests at Seed stage.",vc,,,seed,"Consumer,Tech",https://www.mhventures.io,False,
Michael Hatch,Michael Hatch,Focuses on Tech. Invests at Seed stage.,vc,,,seed,Tech,,False,
Michael Krutz,Michael Krutz,Based in Michael. Focuses on Tech. Invests at Seed stage.,vc,,,seed,Tech,,False,Michael
Michael Lynch,Michael Lynch,Focuses on Tech. Invests at Seed stage.,vc,,,seed,Tech,,False,
Michael Ma,Michael Ma,"Focuses on Consumer, Tech. Invests at Seed stage.",vc,,,seed,"Consumer,Tech",,False,
Michael Maloney,Michael Maloney,Focuses on Tech. Invests at Seed stage.,vc,,,seed,Tech,,False,
Michael Miller,Michael Miller,Based in Michael. Focuses on Tech. Invests at Seed stage.,vc,,,seed,Tech,,False,Michael
Michael Nieling,Michael Nieling,Based in Michael. Focuses on Tech. Invests at Seed stage.,vc,,,seed,Tech,,False,Michael
Michael Tian,Michael Tian,Focuses on Tech. Invests at Seed stage.,vc,,,seed,Tech,,False,
Michelle Carr,Michelle Carr,Based in michelle@evergreeninno.org. Focuses on Tech. Invests at Seed stage.,vc,,,seed,Tech,,False,michelle@evergreeninno.org
Michelle Kennedy,Michelle Kennedy,"Focuses on Consumer, Tech. Invests at Seed stage.",vc,,,seed,"Consumer,Tech",,False,
Mike Asem,Mike Asem,Focuses on Tech. Invests at Seed stage.,vc,,,seed,Tech,,False,
Mike Rossmeier,Mike Rossmeier,Focuses on Tech. Invests at Seed stage.,vc,,,seed,Tech,,False,
Mike Schatzman,Mike Schatzman,Focuses on Tech. Invests at Seed stage.,vc,,,seed,Tech,,False,
Millennia Capital,Millennia Capital,"Focuses on Consumer, Tech. Invests at Seed stage.",vc,,,seed,"Consumer,Tech",https://www.millenniallp.com,False,
Mirit Lugassi,Mirit Lugassi,Focuses on Tech. Invests at Seed stage.,vc,,,seed,Tech,,False,
Missouri Technology Corporation,Missouri Technology Corporation,Focuses on Tech. Invests at Seed stage.,vc,,,seed,Tech,,False,
MJ Ventures,MJ Ventures,"Based in Chicago, IL. Focuses on Tech. Invests at Seed stage.",vc,,,seed,Tech,,True,"Chicago, IL"
MK Capital,MK Capital,Based in IL. Focuses on Tech. Invests at Series A stage.,vc,,,series-a,Tech,,True,IL
Moderne Ventures,Moderne Ventures,"Based in Chicago, IL. Focuses on Tech. Invests at Seed stage.",vc,,,seed,Tech,,True,"Chicago, IL"
Mohit Bathija,Mohit Bathija,Based in Mohit. Focuses on Tech. Invests at Seed stage.,vc,,,seed,Tech,,False,Mohit
Molly Koehler,Molly Koehler,Focuses on Tech. Invests at Seed stage.,vc,,,seed,Tech,,False,
Momentor Ventures,Momentor Ventures,"Focuses on Consumer, Tech. Invests at Seed stage.",vc,,,seed,"Consumer,Tech",https://www.momentorvc.com,False,
Monika Razdan,Monika Razdan,Based in Monika. Focuses on Tech. Invests at Seed stage.,vc,,,seed,Tech,,False,Monika
Moonshots Capital,Moonshots Capital,"Based in Austin, TX. Focuses on AI, SaaS, DeepTech. Invests at Seed stage.",vc,,,seed,"AI,SaaS,DeepTech",,False,"Austin, TX"
Moonstone Fund,Moonstone Fund,"Focuses on Consumer, Tech. Invests at Seed stage.",vc,,,seed,"Consumer,Tech",https://www.moonstone.fund,False,
Morgan Compher,Morgan Compher,Based in Morgan. Focuses on Tech. Invests at Seed stage.,vc,,,seed,Tech,,False,Morgan
MS&AD Ventures,MS&AD Ventures,"Based in Menlo Park, CA. Focuses on AI. Invests at Seed stage.",vc,,,seed,AI,,False,"Menlo Park, CA"
Muditā Venture Partners,Muditā Venture Partners,"Focuses on Consumer, Tech. Invests at Seed stage.",vc,,,seed,"Consumer,Tech",https://www.muditavp.com,False,
Nat Friedman,Nat Friedman,"Focuses on Consumer, Tech. Invests at Seed stage.",vc,,,seed,"Consumer,Tech",,False,
Nebraska Global,Nebraska Global,Focuses on Tech. Invests at Seed stage.,vc,,,seed,Tech,,False,
NEC-X,NEC-X,"Focuses on Consumer, Tech. Invests at Seed stage.",vc,,,seed,"Consumer,Tech",https://nec-x.com,False,
Neer Venture Partners,Neer Venture Partners,"Focuses on Consumer, Tech. Invests at Seed stage.",vc,,,seed,"Consumer,Tech",https://www.neerventurepartners.com,False,
Neesha Godbole,Neesha Godbole,Based in Neesha. Focuses on Tech. Invests at Seed stage.,vc,,,seed,Tech,,False,Neesha
Neman Ventures,Neman Ventures,"Based in Miami, FL. Focuses on DeepTech. Invests at Series A stage.",vc,,,series-a,DeepTech,,False,"Miami, FL"
New Enterprise Associates,New Enterprise Associates,"Focuses on Consumer, Tech. Invests at Seed stage.",vc,,,seed,"Consumer,Tech",https://www.nea.com,False,
New Leaf Invest,New Leaf Invest,"Based in Chicago, IL. Focuses on Tech. Invests at Seed stage.",vc,,,seed,Tech,,True,"Chicago, IL"
New North Ventures,New North Ventures,"Based in Manchester, NH. Focuses on Tech. Invests at Seed stage.",vc,,,seed,Tech,,False,"Manchester, NH"
New Stack Ventures,New Stack Ventures,"Based in Chicago, IL. Focuses on Tech. Invests at Seed stage.",vc,,,seed,Tech,,True,"Chicago, IL"
New World Angels,New World Angels,"Focuses on Consumer, Tech. Invests at Seed stage.",angel,,,seed,"Consumer,Tech",https://www.newworldangels.com,False,
Next Coast Ventures,Next Coast Ventures,"Based in Austin, TX. Focuses on Tech. Invests at Seed stage.",vc,,,seed,Tech,,False,"Austin, TX"
Next Level Ventures,Next Level Ventures,Focuses on Tech. Invests at Seed stage.,vc,,,seed,Tech,,False,
Next Play Ventures,Next Play Ventures,"Focuses on Consumer, Tech. Invests at Seed stage.",vc,,,seed,"Consumer,Tech",https://www.nextplayventures.com,False,
Nidus Partners,Nidus Partners,Focuses on Tech. Invests at Seed stage.,vc,,,seed,Tech,,False,
Nihal Mehta,Nihal Mehta,"Focuses on Consumer, Tech. Invests at Seed stage.",vc,,,seed,"Consumer,Tech",,False,
Nikesh Arora,Nikesh Arora,"Focuses on Consumer, Tech. Invests at Seed stage.",vc,,,seed,"Consumer,Tech",,False,
nitha nagubadi,nitha nagubadi,Focuses on Tech. Invests at Seed stage.,vc,,,seed,Tech,,False,
NKM Capital,NKM Capital,"Focuses on Consumer, Tech. Invests at Seed stage.",vc,,,seed,"Consumer,Tech",https://www.nkmcap.com,False,
North South Ventures,North South Ventures,"Focuses on Consumer, Tech. Invests at Seed stage.",vc,,,seed,"Consumer,Tech",https://www.northsouthvc.com,False,
Nucleus Capital,Nucleus Capital,"Focuses on Consumer, Tech. Invests at Seed stage.",vc,,,seed,"Consumer,Tech",https://www.nucleus-capital.com,False,
Nueterra Capital,Nueterra Capital,Focuses on Tech. Invests at Seed stage.,vc,,,seed,Tech,,False,
Octopus Ventures,Octopus Ventures,"Focuses on Consumer, Tech. Invests at Seed stage.",vc,,,seed,"Consumer,Tech",https://www.octopusventures.com,False,
OI Ventures,OI Ventures,Focuses on Tech. Invests at Seed stage.,vc,,,seed,Tech,,False,
Olive Tree Capital,Olive Tree Capital,"Focuses on Consumer, Tech. Invests at Seed stage.",vc,,,seed,"Consumer,Tech",https://www.olivetreecapital.com,False,
OM Venture Capital,OM Venture Capital,"Based in Honolulu, HI. Focuses on AI. Invests at Seed stage.",vc,,,seed,AI,,False,"Honolulu, HI"
On Some Boards,On Some Boards,Focuses on Tech. Invests at Seed stage.,vc,,,seed,Tech,,False,
OneValley Ventures,OneValley Ventures,"Focuses on Consumer, Tech. Invests at Seed stage.",vc,,,seed,"Consumer,Tech",,False,
Operator Collective,Operator Collective,"Focuses on Consumer, Tech. Invests at Seed stage.",vc,,,seed,"Consumer,Tech",https://www.operatorcollective.com,False,
Orange Collective,Orange Collective,"Focuses on Consumer, Tech. Invests at Seed stage.",vc,,,seed,"Consumer,Tech",https://www.orangecollective.vc,False,
Orange DAO,Orange DAO,"Focuses on Consumer, Tech. Invests at Seed stage.",vc,,,seed,"Consumer,Tech",https://orangedao.xyz,False,
Osuke Honda,Osuke Honda,"Focuses on Consumer, Tech. Invests at Seed stage.",vc,,,seed,"Consumer,Tech",,False,
PACE Healthcare Capital,PACE Healthcare Capital,Focuses on Tech. Invests at Seed stage.,vc,,,seed,Tech,,False,
Page One Ventures,Page One Ventures,"Focuses on Consumer, Tech. Invests at Seed stage.",vc,,,seed,"Consumer,Tech",https://www.pageone.vc,False,
Pale blue dot,Pale blue dot,"Focuses on Consumer, Tech. Invests at Seed stage.",vc,,,seed,"Consumer,Tech",https://www.paleblue.vc,False,
Patron (North America),Patron (North America),"Focuses on Consumer, Tech. Invests at Seed stage.",vc,,,seed,"Consumer,Tech",https://patron.fund,False,
Paul English,Paul English,"Focuses on Consumer, Tech. Invests at Seed stage.",vc,,,seed,"Consumer,Tech",https://www.paulenglish.com,False,
Payment Ventures,Payment Ventures,"Focuses on Consumer, Tech. Invests at Seed stage.",vc,,,seed,"Consumer,Tech",,False,
Pear (California),Pear (California),"Focuses on Consumer, Tech. Invests at Seed stage.",vc,,,seed,"Consumer,Tech",https://www.pear.vc,False,
Pillar VC,Pillar VC,"Focuses on Consumer, Tech. Invests at Seed stage.",vc,,,seed,"Consumer,Tech",https://www.pillar.vc,False,
Pioneer Fund,Pioneer Fund,"Focuses on Consumer, Tech. Invests at Seed stage.",vc,,,seed,"Consumer,Tech",https://www.pioneerfund.vc,False,
Pivotal Ventures,Pivotal Ventures,"Focuses on Consumer, Tech. Invests at Seed stage.",vc,,,seed,"Consumer,Tech",https://www.pivotalventures.org,False,
Pixel Perfect Ventures,Pixel Perfect Ventures,"Focuses on Consumer, Tech. Invests at Seed stage.",vc,,,seed,"Consumer,Tech",https://www.pxlperfectventures.com,False,
Polymorphic Capital,Polymorphic Capital,"Focuses on Consumer, Tech. Invests at Seed stage.",vc,,,seed,"Consumer,Tech",https://polymorphic.capital,False,
Potencia Ventures,Potencia Ventures,"Focuses on Consumer, Tech. Invests at Seed stage.",vc,,,seed,"Consumer,Tech",https://potenciaventures.net,False,
PrairieGold Venture Partners,PrairieGold Venture Partners,Focuses on Tech. Invests at Seed stage.,vc,,,seed,Tech,,False,
Precursor Ventures,Precursor Ventures,"Focuses on Consumer, Tech. Invests at Seed stage.",vc,,,seed,"Consumer,Tech",https://precursorvc.com,False,
Pride Fund,Pride Fund,Focuses on Tech. Invests at Seed stage.,vc,,,seed,Tech,,False,
Project Forward,Project Forward,"Based in Chicago, IL. Focuses on Tech. Invests at Seed stage.",vc,,,seed,Tech,,True,"Chicago, IL"
Prolog Ventures,Prolog Ventures,Focuses on Tech. Invests at Seed stage.,vc,,,seed,Tech,,False,
Protagonist,Protagonist,"Based in Chicago, IL. Focuses on Tech. Invests at Seed stage.",vc,,,seed,Tech,,True,"Chicago, IL"
Protagonist Management,Protagonist Management,"Based in Lake Forest, IL. Focuses on Tech. Invests at Seed stage.",vc,,,seed,Tech,,True,"Lake Forest, IL"
Proximity (New York),Proximity (New York),"Focuses on Consumer, Tech. Invests at Seed stage.",vc,,,seed,"Consumer,Tech",https://www.proxvc.com,False,
PSP Growth,PSP Growth,Focuses on Tech. Invests at Seed stage.,vc,,,seed,Tech,,False,
Purple Sage Ventures,Purple Sage Ventures,"Focuses on Consumer, Tech. Invests at Seed stage.",vc,,,seed,"Consumer,Tech",https://www.purplesageventures.com,False,
Rabbit Ventures,Rabbit Ventures,"Focuses on Consumer, Tech. Invests at Seed stage.",vc,,,seed,"Consumer,Tech",https://www.rabbitvc.com,False,
Race Capital,Race Capital,"Focuses on Consumer, Tech. Invests at Seed stage.",vc,,,seed,"Consumer,Tech",https://www.race.capital,False,
Rachel Essel,Rachel Essel,Based in Rachel. Focuses on Tech. Invests at Seed stage.,vc,,,seed,Tech,,False,Rachel
Raed Ventures,Raed Ventures,"Focuses on Consumer, Tech. Invests at Seed stage.",vc,,,seed,"Consumer,Tech",https://www.raed.vc,False,
Rafiq Ahmed,Rafiq Ahmed,Based in Rafiq. Focuses on Tech. Invests at Seed stage.,vc,,,seed,Tech,,False,Rafiq
Rally Cap VC,Rally Cap VC,"Focuses on Consumer, Tech. Invests at Seed stage.",vc,,,seed,"Consumer,Tech",https://www.rallycap.vc,False,
Redbud VC,Redbud VC,"Focuses on Consumer, Tech. Invests at Seed stage.",vc,,,seed,"Consumer,Tech",https://redbud.vc,False,
Redstick Ventures,Redstick Ventures,"Focuses on Consumer, Tech. Invests at Seed stage.",vc,,,seed,"Consumer,Tech",https://www.redstickvc.com,False,
REFASHIOND Ventures,REFASHIOND Ventures,"Focuses on Consumer, Tech. Invests at Seed stage.",vc,,,seed,"Consumer,Tech",https://www.refashiond.com,False,
Regional Growth Capital,Regional Growth Capital,Focuses on Tech. Invests at Seed stage.,vc,,,seed,Tech,,False,
Reimagined Ventures,Reimagined Ventures,Focuses on Tech. Invests at Seed stage.,vc,,,seed,Tech,,False,
Render Capital,Render Capital,"Focuses on Consumer, Tech. Invests at Seed stage.",vc,,,seed,"Consumer,Tech",https://www.render.capital,False,
RevTech Labs Capital,RevTech Labs Capital,"Focuses on Consumer, Tech. Invests at Seed stage.",vc,,,seed,"Consumer,Tech",https://www.rtl.capital,False,
Richard Corral,Richard Corral,Focuses on Tech. Invests at Seed stage.,vc,,,seed,Tech,,False,
Right Side Capital Management,Right Side Capital Management,"Focuses on Consumer, Tech. Invests at Seed stage.",vc,,,seed,"Consumer,Tech",https://www.rightsidecapital.com,False,
Ripple Impact Investments,Ripple Impact Investments,"Focuses on Consumer, Tech. Invests at Seed stage.",vc,,,seed,"Consumer,Tech",https://www.rippleimpactinvestments.com,False,
Riverside Ventures,Riverside Ventures,"Focuses on Consumer, Tech. Invests at Seed stage.",vc,,,seed,"Consumer,Tech",https://www.riversideventures.com,False,
RiverVest Venture Partners,RiverVest Venture Partners,Focuses on Tech. Invests at Seed stage.,vc,,,seed,Tech,,False,
Rizwan Khan,Rizwan Khan,Based in Rizwan. Focuses on Tech. Invests at Seed stage.,vc,,,seed,Tech,,False,Rizwan
Roar Ventures,Roar Ventures,"Focuses on Consumer, Tech. Invests at Seed stage.",vc,,,seed,"Consumer,Tech",https://www.roarvc.com,False,
Robot Ventures,Robot Ventures,"Focuses on Consumer, Tech. Invests at Seed stage.",vc,,,seed,"Consumer,Tech",https://robvc.com,False,
Rocco Molfese,Rocco Molfese,Focuses on Tech. Invests at Seed stage.,vc,,,seed,Tech,,False,
Roosh Ventures,Roosh Ventures,"Focuses on Consumer, Tech. Invests at Seed stage.",vc,,,seed,"Consumer,Tech",https://www.roosh.vc,False,
Root Ventures,Root Ventures,"Focuses on Consumer, Tech. Invests at Seed stage.",vc,,,seed,"Consumer,Tech",https://root.vc/welcome.htm,False,
Rooted Ventures,Rooted Ventures,"Based in Chicago, IL. Focuses on Tech. Invests at Seed stage.",vc,,,seed,Tech,,True,"Chicago, IL"
Router Ventures,Router Ventures,Focuses on Tech. Invests at Seed stage.,vc,,,seed,Tech,,False,
Roy Yewah,Roy Yewah,Focuses on Tech. Invests at Seed stage.,vc,,,seed,Tech,,False,
Royal Street Ventures,Royal Street Ventures,"Based in Park City, UT. Focuses on Tech. Invests at Seed stage.",vc,,,seed,Tech,,False,"Park City, UT"
Ryden Solutions,Ryden Solutions,"Based in City, IL. Focuses on AI, Healthcare. Invests at Seed stage.",vc,,,seed,"AI,Healthcare",,True,"City, IL"
S2G Investments,S2G Investments,"Based in Chicago, IL. Focuses on FoodTech. Invests at Seed stage.",vc,,,seed,FoodTech,,True,"Chicago, IL"
S2G Ventures,S2G Ventures,"Based in Chicago, IL. Focuses on Healthcare, FoodTech. Invests at Seed stage.",vc,,,seed,"Healthcare,FoodTech",,True,"Chicago, IL"
Sabr Capital,Sabr Capital,"Focuses on Consumer, Tech. Invests at Seed stage.",vc,,,seed,"Consumer,Tech",https://sabrcapital.com,False,
Sadiki McCalla,Sadiki McCalla,Focuses on Tech. Invests at Seed stage.,vc,,,seed,Tech,,False,
Salesforce Ventures,Salesforce Ventures,"Focuses on Consumer, Tech. Invests at Seed stage.",vc,,,seed,"Consumer,Tech",https://www.salesforceventures.com,False,
Salica Investments,Salica Investments,"Focuses on Consumer, Tech. Invests at Seed stage.",vc,,,seed,"Consumer,Tech",https://salicainvestments.com,False,
Sam Huleatt,Sam Huleatt,"Focuses on Consumer, Tech. Invests at Seed stage.",vc,,,seed,"Consumer,Tech",,False,
Samuel Yam,Samuel Yam,"Focuses on Consumer, Tech. Invests at Seed stage.",vc,,,seed,"Consumer,Tech",,False,
Samvit Ramadurgam,Samvit Ramadurgam,"Focuses on Consumer, Tech. Invests at Seed stage.",vc,,,seed,"Consumer,Tech",,False,
Sandbox Industries,Sandbox Industries,Based in Chicago. Focuses on Tech. Invests at Seed stage.,vc,,,seed,Tech,,True,Chicago
Sarah Smith Fund,Sarah Smith Fund,"Focuses on Consumer, Tech. Invests at Seed stage.",vc,,,seed,"Consumer,Tech",https://www.sarahsmith.fund,False,
Sasui Baloch,Sasui Baloch,Based in Sasui. Focuses on Tech. Invests at Seed stage.,vc,,,seed,Tech,,False,Sasui
Saturday Capital,Saturday Capital,Focuses on Tech. Invests at Seed stage.,vc,,,seed,Tech,,False,
Scale Asia Ventures (SAV),Scale Asia Ventures (SAV),"Based in CA. Focuses on SaaS, B2B. Invests at Series A stage.",vc,,,series-a,"SaaS,B2B",,False,CA
Schiller Clark Industries,Schiller Clark Industries,Focuses on Tech. Invests at Seed stage.,vc,,,seed,Tech,,False,
Schooner Capital,Schooner Capital,Focuses on Tech. Invests at Seed stage.,vc,,,seed,Tech,,False,
Scott Carrick,Scott Carrick,Focuses on Tech. Invests at Seed stage.,vc,,,seed,Tech,,False,
Second Century Ventures,Second Century Ventures,Based in Chicago. Focuses on Tech. Invests at Seed stage.,vc,,,seed,Tech,,True,Chicago
Serac Ventures,Serac Ventures,Focuses on Tech. Invests at Seed stage.,vc,,,seed,Tech,,False,
Seraphim Space,Seraphim Space,"Focuses on Consumer, Tech. Invests at Seed stage.",vc,,,seed,"Consumer,Tech",https://www.seraphim.vc,False,
Sevan Avakian,Sevan Avakian,Focuses on Tech. Invests at Seed stage.,vc,,,seed,Tech,,False,
SFC Capital,SFC Capital,"Focuses on Consumer, Tech. Invests at Seed stage.",vc,,,seed,"Consumer,Tech",https://www.sfccapital.com,False,
Shaheen Siam,Shaheen Siam,"Focuses on Consumer, Tech. Invests at Seed stage.",vc,,,seed,"Consumer,Tech",,False,
Shawn Grenald,Shawn Grenald,Based in shawn@terroirconsulting.co. Focuses on Tech. Invests at Seed stage.,vc,,,seed,Tech,,False,shawn@terroirconsulting.co
Shayna Harris,Shayna Harris,Based in Shayna. Focuses on Tech. Invests at Seed stage.,vc,,,seed,Tech,,False,Shayna
Shilpa Reddy,Shilpa Reddy,Focuses on Tech. Invests at Seed stage.,vc,,,seed,Tech,,False,
Shirl Panz,Shirl Panz,Based in Shirl. Focuses on Tech. Invests at Seed stage.,vc,,,seed,Tech,,False,Shirl
Shruti Gandhi,Shruti Gandhi,"Focuses on Consumer, Tech. Invests at Seed stage.",vc,,,seed,"Consumer,Tech",,False,
Simon Fan,Simon Fan,Focuses on Tech. Invests at Seed stage.,vc,,,seed,Tech,,False,
Simon Taylor,Simon Taylor,"Focuses on Consumer, Tech. Invests at Seed stage.",vc,,,seed,"Consumer,Tech",,False,
Singularity Capital,Singularity Capital,"Focuses on Consumer, Tech. Invests at Seed stage.",vc,,,seed,"Consumer,Tech",https://singularitycapital.us,False,
SixThirty Ventures,SixThirty Ventures,Focuses on Tech. Invests at Seed stage.,vc,,,seed,Tech,,False,
sixty8 capital,sixty8 capital,Focuses on Tech. Invests at Seed stage.,vc,,,seed,Tech,,False,
Skyview Ventures,Skyview Ventures,Focuses on Tech. Invests at Seed stage.,vc,,,seed,Tech,,False,
Solomon Choi,Solomon Choi,"Focuses on Consumer, Tech. Invests at Seed stage.",vc,,,seed,"Consumer,Tech",,False,
Soma Capital,Soma Capital,"Focuses on Consumer, Tech. Invests at Seed stage.",vc,,,seed,"Consumer,Tech",https://somacap.com,False,
Sophia Olmos,Sophia Olmos,Focuses on Tech. Invests at Seed stage.,vc,,,seed,Tech,,False,
South Park Commons,South Park Commons,"Focuses on Consumer, Tech. Invests at Seed stage.",vc,,,seed,"Consumer,Tech",https://www.southparkcommons.com,False,
Spark Capital,Spark Capital,"Focuses on Consumer, Tech. Invests at Seed stage.",vc,,,seed,"Consumer,Tech",https://www.sparkcapital.com,False,
SparkLabs Group,SparkLabs Group,"Focuses on Consumer, Tech. Invests at Seed stage.",vc,,,seed,"Consumer,Tech",https://www.sparklabsgroup.com,False,
Sparq Capital (United States),Sparq Capital (United States),"Focuses on Consumer, Tech. Invests at Seed stage.",vc,,,seed,"Consumer,Tech",https://www.sparq-capital.com,False,
Speedinvest,Speedinvest,"Focuses on Consumer, Tech. Invests at Seed stage.",vc,,,seed,"Consumer,Tech",https://www.speedinvest.com,False,
Spero Ventures,Spero Ventures,"Focuses on Consumer, Tech. Invests at Seed stage.",vc,,,seed,"Consumer,Tech",https://www.spero.vc,False,
Sprint VC,Sprint VC,"Focuses on Consumer, Tech. Invests at Seed stage.",vc,,,seed,"Consumer,Tech",https://www.sprintvc.com,False,
Stadia Ventures,Stadia Ventures,Focuses on Tech. Invests at Seed stage.,vc,,,seed,Tech,,False,
Starting Line,Starting Line,Based in Chicago. Focuses on Tech. Invests at Seed stage.,vc,,,seed,Tech,,True,Chicago
StartUp Health,StartUp Health,"Focuses on Consumer, Tech. Invests at Seed stage.",vc,,,seed,"Consumer,Tech",https://www.startuphealth.com,False,
Stel Valavanis,Stel Valavanis,Based in Stel. Focuses on Tech. Invests at Seed stage.,vc,,,seed,Tech,,False,Stel
Stepchange,Stepchange,"Based in Seattle, WA. Focuses on Climate. Invests at Pre-Seed, Seed stage.",vc,,,"pre-seed,seed",Climate,,False,"Seattle, WA"
Sterling Partners,Sterling Partners,Based in Chicago. Focuses on Tech. Invests at Seed stage.,vc,,,seed,Tech,,True,Chicago
Sterling Road,Sterling Road,"Focuses on Consumer, Tech. Invests at Seed stage.",vc,,,seed,"Consumer,Tech",https://www.sterlingroad.com,False,
Steve Deutsch,Steve Deutsch,Based in sdeutsch@ecmc.org. Focuses on Tech. Invests at Seed stage.,vc,,,seed,Tech,,False,sdeutsch@ecmc.org
StoryHouse Ventures,StoryHouse Ventures,"Focuses on Consumer, Tech. Invests at Seed stage.",vc,,,seed,"Consumer,Tech",https://www.storyhousevc.com,False,
Stray Dog Capital,Stray Dog Capital,Focuses on Tech. Invests at Seed stage.,vc,,,seed,Tech,,False,
Stresswood,Stresswood,Focuses on Tech. Invests at Seed stage.,vc,,,seed,Tech,,False,
"Strut Learning, Inc.","Strut Learning, Inc.",Focuses on Tech. Invests at Seed stage.,vc,,,seed,Tech,,False,
Subconscious,Subconscious,Based in Chicago. Focuses on Tech. Invests at Seed stage.,vc,,,seed,Tech,,True,Chicago
Suhail Ventures,Suhail Ventures,Focuses on Tech. Invests at Seed stage.,vc,,,seed,Tech,,False,
Suhas Chinthalapuri,Suhas Chinthalapuri,Based in Suhas. Focuses on Tech. Invests at Seed stage.,vc,,,seed,Tech,,False,Suhas
Superorganism,Superorganism,"Focuses on Consumer, Tech. Invests at Seed stage.",vc,,,seed,"Consumer,Tech",https://superorganism.com,False,
Supply Change,Supply Change,Based in Chicago. Focuses on Tech. Invests at Seed stage.,vc,,,seed,Tech,,True,Chicago
Supply Change Capital,Supply Change Capital,Focuses on Tech. Invests at Seed stage.,vc,,,seed,Tech,,False,
SURAJ HAVALAD,SURAJ HAVALAD,Focuses on Tech. Invests at Seed stage.,vc,,,seed,Tech,,False,
SurgePoint Capital,SurgePoint Capital,"Based in New York, NY. Focuses on Tech. Invests at Seed stage.",vc,,,seed,Tech,,False,"New York, NY"
SV Angel,SV Angel,"Focuses on Consumer, Tech. Invests at Seed stage.",angel,,,seed,"Consumer,Tech",https://www.svangel.com,False,
SyndicateRoom,SyndicateRoom,"Focuses on Consumer, Tech. Invests at Seed stage.",vc,,,seed,"Consumer,Tech",https://www.syndicateroom.com,False,
Synergia by SBC,Synergia by SBC,Focuses on Tech. Invests at Seed stage.,vc,,,seed,Tech,,False,
Synetro Group LLC,Synetro Group LLC,Based in Chicago. Focuses on Tech. Invests at Seed stage.,vc,,,seed,Tech,,True,Chicago
T. Wolf,T. Wolf,Focuses on Tech. Invests at Seed stage.,vc,,,seed,Tech,,False,
TA Ventures,TA Ventures,"Focuses on Consumer, Tech. Invests at Seed stage.",vc,,,seed,"Consumer,Tech",https://www.taventures.vc,False,
Tanya Killian,Tanya Killian,Based in Tanya. Focuses on Tech. Invests at Seed stage.,vc,,,seed,Tech,,False,Tanya
Tarun Chitra,Tarun Chitra,"Focuses on Consumer, Tech. Invests at Seed stage.",vc,,,seed,"Consumer,Tech",,False,
Taylor Bauldwin,Taylor Bauldwin,Based in taylor@rootedventures.org. Focuses on Tech. Invests at Seed stage.,vc,,,seed,Tech,,False,taylor@rootedventures.org
Team Ignite Ventures,Team Ignite Ventures,"Focuses on Consumer, Tech. Invests at Seed stage.",vc,,,seed,"Consumer,Tech",https://www.teamignite.ventures,False,
TechAccel,TechAccel,Focuses on Tech. Invests at Seed stage.,vc,,,seed,Tech,,False,
TechNexus,TechNexus,Focuses on Tech. Invests at Seed stage.,vc,,,seed,Tech,,False,
TechNexus Venture Collaborative,TechNexus Venture Collaborative,Focuses on Tech. Invests at Seed stage.,vc,,,seed,Tech,,False,
Terroir Consulting,Terroir Consulting,"Based in Chicago, IL. Focuses on Tech. Invests at Seed stage.",vc,,,seed,Tech,,True,"Chicago, IL"
Tessa Flippin,Tessa Flippin,Based in Tessa. Focuses on Tech. Invests at Seed stage.,vc,,,seed,Tech,,False,Tessa
Texas Medical Center,Texas Medical Center,"Focuses on Consumer, Tech. Invests at Seed stage.",vc,,,seed,"Consumer,Tech",https://www.tmc.edu,False,
The 23 Fund,The 23 Fund,"Focuses on Consumer, Tech. Invests at Seed stage.",vc,,,seed,"Consumer,Tech",https://www.23fund.com,False,
The Fintech Fund,The Fintech Fund,"Focuses on Consumer, Tech. Invests at Seed stage.",vc,,,seed,"Consumer,Tech",https://www.thefintechfund.com,False,
The Gallery,The Gallery,Focuses on Tech. Invests at Seed stage.,vc,,,seed,Tech,,False,
The Legal Tech Fund,The Legal Tech Fund,"Focuses on Consumer, Tech. Invests at Seed stage.",vc,,,seed,"Consumer,Tech",https://www.legaltech.com,False,
The Palo Santo Fund,The Palo Santo Fund,Focuses on Tech. Invests at Seed stage.,vc,,,seed,Tech,,False,
Theodore Vinnitchouk,Theodore Vinnitchouk,Focuses on Tech. Invests at Seed stage.,vc,,,seed,Tech,,False,
Thomas Peterson,Thomas Peterson,"Focuses on Consumer, Tech. Invests at Seed stage.",vc,,,seed,"Consumer,Tech",,False,
Tom Morehead,Tom Morehead,Focuses on Tech. Invests at Seed stage.,vc,,,seed,Tech,,False,
Tony Jamous,Tony Jamous,"Focuses on Consumer, Tech. Invests at Seed stage.",vc,,,seed,"Consumer,Tech",,False,
Tony Wilkins (Angel),Tony Wilkins (Angel),Focuses on Tech. Invests at Seed stage.,angel,,,seed,Tech,,False,
Tony Xu,Tony Xu,"Focuses on Consumer, Tech. Invests at Seed stage.",vc,,,seed,"Consumer,Tech",,False,
Touchdown Ventures,Touchdown Ventures,"Based in Chicago, IL. Focuses on Tech. Invests at Seed stage.",vc,,,seed,Tech,,True,"Chicago, IL"
Transform VC,Transform VC,"Focuses on Consumer, Tech. Invests at Seed stage.",vc,,,seed,"Consumer,Tech",https://www.transform.vc,False,
Transpose Platform Management,Transpose Platform Management,"Focuses on Consumer, Tech. Invests at Seed stage.",vc,,,seed,"Consumer,Tech",https://www.transposeplatform.vc,False,
Treetop Ventures,Treetop Ventures,Focuses on Tech. Invests at Seed stage.,vc,,,seed,Tech,,False,
Trevor Purcell,Trevor Purcell,Focuses on Tech. Invests at Seed stage.,vc,,,seed,Tech,,False,
Uncork Capital,Uncork Capital,"Focuses on Consumer, Tech. Invests at Seed stage.",vc,,,seed,"Consumer,Tech",https://www.uncorkcapital.com,False,
Union Heritage Ventures,Union Heritage Ventures,Focuses on Tech. Invests at Seed stage.,vc,,,seed,Tech,,False,
UnityPoint Health Ventures,UnityPoint Health Ventures,Focuses on Tech. Invests at Seed stage.,vc,,,seed,Tech,,False,
Updata Partners,Updata Partners,Focuses on Tech. Invests at Seed stage.,vc,,,seed,Tech,,False,
Valor Equity Partners,Valor Equity Partners,"Based in Chicago, IL. Focuses on Tech. Invests at Seed stage.",vc,,,seed,Tech,,True,"Chicago, IL"
VamosVentures,VamosVentures,"Focuses on Consumer, Tech. Invests at Seed stage.",vc,,,seed,"Consumer,Tech",https://www.vamosventures.com,False,
VCapital Management Co.,VCapital Management Co.,Focuses on Tech. Invests at Seed stage.,vc,,,seed,Tech,,False,
Vertex Ventures US,Vertex Ventures US,"Focuses on Consumer, Tech. Invests at Seed stage.",vc,,,seed,"Consumer,Tech",https://www.vvus.com,False,
Very Early,Very Early,"Focuses on Consumer, Tech. Invests at Seed stage.",vc,,,seed,"Consumer,Tech",https://www.veryearly.xyz,False,
VEST Her,VEST Her,"Focuses on Consumer, Tech. Invests at Seed stage.",vc,,,seed,"Consumer,Tech",https://www.vesther.co,False,
Visionary Private Equity Group,Visionary Private Equity Group,Focuses on Tech. Invests at Seed stage.,vc,,,seed,Tech,,False,
VisMed-3D,VisMed-3D,"Based in Chicago, IL. Focuses on AI, Healthcare. Invests at Pre-Seed, Seed stage.",angel,,,"pre-seed,seed","AI,Healthcare",,True,"Chicago, IL"
VITALIZE Venture Capital,VITALIZE Venture Capital,"Focuses on Consumer, Tech. Invests at Seed stage.",vc,,,seed,"Consumer,Tech",https://vitalize.vc,False,
Vlad Avesalon,Vlad Avesalon,Based in Vlad. Focuses on Tech. Invests at Seed stage.,vc,,,seed,Tech,,False,Vlad
WAGMI Ventures (New York),WAGMI Ventures (New York),"Focuses on Consumer, Tech. Invests at Seed stage.",vc,,,seed,"Consumer,Tech",https://www.wagmiventures.io,False,
Wallace Kyle,Wallace Kyle,Based in Wallace. Focuses on Tech. Invests at Seed stage.,vc,,,seed,Tech,,False,Wallace
Wayfinder Ventures,Wayfinder Ventures,"Focuses on Consumer, Tech. Invests at Seed stage.",vc,,,seed,"Consumer,Tech",https://www.wayfinder.com,False,
Whinfell Partners LLC,Whinfell Partners LLC,Focuses on Tech. Invests at Seed stage.,vc,,,seed,Tech,,False,
White Star Capital,White Star Capital,"Based in New York City, NY. Focuses on Tech. Invests at Seed stage.",vc,,,seed,Tech,,False,"New York City, NY"
Wichita Technology Ventures,Wichita Technology Ventures,Focuses on Tech. Invests at Seed stage.,vc,,,seed,Tech,,False,
WillowTree Ventures,WillowTree Ventures,"Based in CA. Focuses on AI, FinTech, Enterprise. Invests at Seed stage.",vc,,,seed,"AI,FinTech,Enterprise",,False,CA
Wintrust Ventures,Wintrust Ventures,Based in Chicago. Focuses on Tech. Invests at Seed stage.,vc,,,seed,Tech,,True,Chicago
Wireframe Ventures,Wireframe Ventures,"Focuses on Consumer, Tech. Invests at Seed stage.",vc,,,seed,"Consumer,Tech",https://www.wireframevc.com,False,
WVV Capital,WVV Capital,"Focuses on Consumer, Tech. Invests at Seed stage.",vc,,,seed,"Consumer,Tech",https://wvvcapital.com,False,
XFactor Ventures,XFactor Ventures,"Focuses on Consumer, Tech. Invests at Seed stage.",vc,,,seed,"Consumer,Tech",https://www.xfactor.ventures,False,
Yankun Guo,Yankun Guo,Focuses on Tech. Invests at Seed stage.,vc,,,seed,Tech,,False,
Yellow Umbrella Capital,Yellow Umbrella Capital,"Based in Chicago, IL. Focuses on Tech. Invests at Seed stage.",vc,,,seed,Tech,,True,"Chicago, IL"
York IE,York IE,"Focuses on Consumer, Tech. Invests at Seed stage.",vc,,,seed,"Consumer,Tech",https://www.york.ie,False,
Youbi Capital,Youbi Capital,"Focuses on Consumer, Tech. Invests at Seed stage.",vc,,,seed,"Consumer,Tech",https://www.youbicapital.com,False,
Zaki Manian,Zaki Manian,"Focuses on Consumer, Tech. Invests at Seed stage.",vc,,,seed,"Consumer,Tech",,False,
Zeal Capital Partners,Zeal Capital Partners,"Focuses on Consumer, Tech. Invests at Seed stage.",vc,,,seed,"Consumer,Tech",https://www.zealvc.co,False,
Zeno Ventures,Zeno Ventures,"Focuses on Consumer, Tech. Invests at Seed stage.",vc,,,seed,"Consumer,Tech",https://www.zenopartners.com,False,
Zero Infinity Partners,Zero Infinity Partners,"Based in New York, NY. Focuses on Tech. Invests at Seed stage.",vc,,,seed,Tech,,False,"New York, NY"
ZhenFund,ZhenFund,"Focuses on Consumer, Tech. Invests at Seed stage.",vc,,,seed,"Consumer,Tech",https://www.zhenfund.com,False,
Zimri Rodriguez,Zimri Rodriguez,Focuses on Tech. Invests at Seed stage.,vc,,,seed,Tech,,False,
Plug and Play Tech Center,Plug and Play Tech Center,"Notable exits include Apple, Google, Ouster, Hippo, Sprinklr, FiscalNote, Scout, DMG, Splitit, Trust Stamp, Boardwalktech,.",vc,,,"seed,series-a",Tech,,False,
Pritzker Group,Pritzker Group,"Notable exits include Bird, Coinbase, Honest.",vc,,,"seed,series-a",Tech,,False,
Jump Capital,Jump Capital,"Notable exits include Spire, Voyager, MD Revolution, Fast Radius.",vc,,,"seed,series-a",Tech,,False,
Baird Capital,Baird Capital,"Notable exits include Gemini, GreenLight Biosciences, Cerillion, Amsc, Kindstar, CVG, Frontage Laboratories, SII Group, Fo.",vc,,,"seed,series-a",Tech,,False,
OCA Ventures,OCA Ventures,Notable exits include NRC Health.,vc,,,"seed,series-a",Tech,,False,
CMT Digital,CMT Digital,"Notable exits include Circle, Coinbase, Figure, Bakkt, Silvergate Bank.",vc,,,"seed,series-a",Tech,,False,
Origin Ventures,Origin Ventures,Notable exits include RespireRx Pharmaceuticals.,vc,,,"seed,series-a",Tech,,False,
GSV Ventures,GSV Ventures,,vc,,,"seed,series-a",Tech,,False,
Serra Ventures,Serra Ventures,,vc,,,"seed,series-a",Tech,,False,
Promus Ventures,Promus Ventures,"Notable exits include Rocket Lab, Spire.",vc,,,"seed,series-a",Tech,,False,
JK&B Capital,JK&B Capital,Notable exits include Unwired Planet.,vc,,,"seed,series-a",Tech,,False,
American Family Ventures,American Family Ventures,Notable exits include Life360.,vc,,,"seed,series-a",Tech,,False,
Builders VC,Builders VC,"Notable exits include Oscar, Bolt Threads.",vc,,,"seed,series-a",Tech,,False,
G Squared,G Squared,"Notable exits include Airbnb, Uber, Coursera, Chime, Peloton, Lemonade, SoFi, Toast, Meituan, Spotify, Lyft, Instacart, Dr.",vc,,,"seed,series-a",Tech,,False,
Apex Venture Partners,Apex Venture Partners,"Notable exits include Exodus, Bloom Energy.",vc,,,"seed,series-a",Tech,,False,
Everywhere,Everywhere,,vc,,,"seed,series-a",Tech,,False,
KdT Ventures,KdT Ventures,Notable exits include Azitra.,vc,,,"seed,series-a",Tech,,False,
Energize Capital,Energize Capital,Notable exits include Fast Radius.,vc,,,"seed,series-a",Tech,,False,
Connetic Ventures,Connetic Ventures,,vc,,,"seed,series-a",Tech,,False,
Sandalphon Capital,Sandalphon Capital,Notable exits include Grove.,vc,,,"seed,series-a",Tech,,False,
Graphene Ventures,Graphene Ventures,"Notable exits include Lyft, Snapchat, Snap.",vc,,,"seed,series-a",Tech,,False,
Illinois Ventures,Illinois Ventures,"Notable exits include Actuate Therapeutics, NantKwest, Juhl Energy, RespireRx Pharmaceuticals.",vc,,,"seed,series-a",Tech,,False,
Motivate Venture Capital,Motivate Venture Capital,Notable exits include Chime.,vc,,,"seed,series-a",Tech,,False,
Cultivian Sandbox,Cultivian Sandbox,,vc,,,"seed,series-a",Tech,,False,
KGC Capital,KGC Capital,,vc,,,"seed,series-a",Tech,,False,
Nine Four Ventures,Nine Four Ventures,Notable exits include SmartRent.,vc,,,"seed,series-a",Tech,,False,
Listen VC,Listen VC,Notable exits include The Fresh Factory.,vc,,,"seed,series-a",Tech,,False,
PSP Partners,PSP Partners,,vc,,,"seed,series-a",Tech,,False,
OS Fund,OS Fund,Notable exits include Ginkgo Bioworks.,vc,,,"seed,series-a",Tech,,False,
Tensility Venture Partner,Tensility Venture Partner,"Notable exits include DocuSign, DIRTT, The Fresh Factory.",vc,,,"seed,series-a",Tech,,False,
Energy Foundry,Energy Foundry,,vc,,,"seed,series-a",Tech,,False,
Motorola Solutions Venture Capital,Motorola Solutions Venture Capital,,vc,,,"seed,series-a",Tech,,False,
Guild Capital,Guild Capital,"Notable exits include Winc, Candy Club.",vc,,,"seed,series-a",Tech,,False,
KiwiTech,KiwiTech,,vc,,,"seed,series-a",Tech,,False,
u.ventures,u.ventures,,vc,,,"seed,series-a",Tech,,False,
VestedWorld,VestedWorld,,vc,,,"seed,series-a",Tech,,False,
VitalizeVC,VitalizeVC,,vc,,,"seed,series-a",Tech,,False,
R7 Partners,R7 Partners,"Notable exits include Bloom Energy, AEye.",vc,,,"seed,series-a",Tech,,False,
Highline Beta,Highline Beta,,vc,,,"seed,series-a",Tech,,False,
Comeback Capital,Comeback Capital,,vc,,,"seed,series-a",Tech,,False,
Germin8 Ventures,Germin8 Ventures,,vc,,,"seed,series-a",Tech,,False,
Impatient,Impatient,,vc,,,"seed,series-a",Tech,,False,
BlueCross BlueShield Venture Partners,BlueCross BlueShield Venture Partners,,vc,,,"seed,series-a",Tech,,False,
Purvi Capital,Purvi Capital,,vc,,,"seed,series-a",Tech,,False,
Synetro Group,Synetro Group,Notable exits include Applovin.,vc,,,"seed,series-a",Tech,,False,
HBS Alumni Angels Chicago,HBS Alumni Angels Chicago,,vc,,,"seed,series-a",Tech,,False,
Buoyant Ventures,Buoyant Ventures,,vc,,,"seed,series-a",Tech,,False,
FireStarter Fund,FireStarter Fund,,vc,,,"seed,series-a",Tech,,False,
Palo Santo,Palo Santo,"Notable exits include Cybin, Bionomics, atai Life Sciences, BRIGHT MINDS, Field Trip Health and Wellness.",vc,,,"seed,series-a",Tech,,False,
DRW Venture Capital,DRW Venture Capital,,vc,,,"seed,series-a",Tech,,False,
Wicklow Capital,Wicklow Capital,Notable exits include SoFi.,vc,,,"seed,series-a",Tech,,False,
BAM Elevate,BAM Elevate,,vc,,,"seed,series-a",Tech,,False,
VCapital,VCapital,"Notable exits include Nanophase, Intensity Therapeutics, Beyond.",vc,,,"seed,series-a",Tech,,False,
Mosaix Ventures,Mosaix Ventures,,vc,,,"seed,series-a",Tech,,False,
Evolv Ventures,Evolv Ventures,,vc,,,"seed,series-a",Tech,,False,
Lakewest Venture Partners,Lakewest Venture Partners,Notable exits include Accel Entertainment.,vc,,,"seed,series-a",Tech,,False,
Bluestein & Associates,Bluestein & Associates,,vc,,,"seed,series-a",Tech,,False,
Builders Vision,Builders Vision,,vc,,,"seed,series-a",Tech,,False,
Seyen Capital,Seyen Capital,"Notable exits include SPS Commerce, Exodus, GoHealth, Synchronoss.",vc,,,"seed,series-a",Tech,,False,
KDWC Ventures,KDWC Ventures,,vc,,,"seed,series-a",Tech,,False,
Chaifetz Group,Chaifetz Group,,vc,,,"seed,series-a",Tech,,False,
Energy Capital Ventures,Energy Capital Ventures,,vc,,,"seed,series-a",Tech,,False,
Beta Boom,Beta Boom,,vc,,,"seed,series-a",Tech,,False,
Ruttenberg Gordon Investments,Ruttenberg Gordon Investments,Notable exits include Flow Water.,vc,,,"seed,series-a",Tech,,False,
Ekistic Ventures,Ekistic Ventures,,vc,,,"seed,series-a",Tech,,False,
BCG Digital Ventures,BCG Digital Ventures,,vc,,,"seed,series-a",Tech,,False,
Side Door Ventures,Side Door Ventures,,vc,,,"seed,series-a",Tech,,False,
West Loop Ventures,West Loop Ventures,,vc,,,"seed,series-a",Tech,,False,
InvestHER Ventures,InvestHER Ventures,,vc,,,"seed,series-a",Tech,,False,
Hopewell Ventures,Hopewell Ventures,,vc,,,"seed,series-a",Tech,,False,
JZ Capital Partners,JZ Capital Partners,,vc,,,"seed,series-a",Tech,,False,
Sandbox Insurtech Ventures,Sandbox Insurtech Ventures,,vc,,,"seed,series-a",Tech,,False,
Bengal Capital,Bengal Capital,"Notable exits include GTI, 4Front Ventures, XS Financial, Flowr.",vc,,,"seed,series-a",Tech,,False,
Harbor Street Ventures,Harbor Street Ventures,Notable exits include Shoulder Innovations.,vc,,,"seed,series-a",Tech,,False,
Caerus Investment Partners,Caerus Investment Partners,,vc,,,"seed,series-a",Tech,,False,
Consumer Ventures,Consumer Ventures,,vc,,,"seed,series-a",Tech,,False,
Seaborne Capital,Seaborne Capital,,vc,,,"seed,series-a",Tech,,False,
Tawani Ventures,Tawani Ventures,,vc,,,"seed,series-a",Tech,,False,
Four More Capital,Four More Capital,,vc,,,"seed,series-a",Tech,,False,
Earth Foundry,Earth Foundry,,vc,,,"seed,series-a",Tech,,False,
Merrick Ventures,Merrick Ventures,,vc,,,"seed,series-a",Tech,,False,
Marquee Ventures,Marquee Ventures,,vc,,,"seed,series-a",Tech,,False,
Wells Fargo Strategic Capital,Wells Fargo Strategic Capital,,vc,,,"seed,series-a",Tech,,False,
Duchossois Technology Partners,Duchossois Technology Partners,,vc,,,"seed,series-a",Tech,,False,
Hypothesis,Hypothesis,"Notable exits include Tencent, Shift Technologies, Sohu.com.",vc,,,"seed,series-a",Tech,,False,
Orchard Venture Partners,Orchard Venture Partners,"Notable exits include Akebia Therapeutics, Aerpio Therapeutics.",vc,,,"seed,series-a",Tech,,False,
Upheaval Investments,Upheaval Investments,,vc,,,"seed,series-a",Tech,,False,
Exposition Ventures,Exposition Ventures,"Notable exits include Xometry, Freightos.",vc,,,"seed,series-a",Tech,,False,
Sea Lane Ventures,Sea Lane Ventures,,vc,,,"seed,series-a",Tech,,False,
Garland Capital Group,Garland Capital Group,,vc,,,"seed,series-a",Tech,,False,
CTC Venture Capital,CTC Venture Capital,,vc,,,"seed,series-a",Tech,,False,
Spiral Sun Ventures,Spiral Sun Ventures,Notable exits include KonaRed.,vc,,,"seed,series-a",Tech,,False,
Ringleader Ventures,Ringleader Ventures,,vc,,,"seed,series-a",Tech,,False,
The Conscious Fund,The Conscious Fund,"Notable exits include Cybin, atai Life Sciences, Wesana Health, Albert Labs.",vc,,,"seed,series-a",Tech,,False,
Manifold Group,Manifold Group,,vc,,,"seed,series-a",Tech,,False,
Breakpoint Ventures,Breakpoint Ventures,,vc,,,"seed,series-a",Tech,,False,
Silvermine Capital,Silvermine Capital,,vc,,,"seed,series-a",Tech,,False,
A1 Health Ventures,A1 Health Ventures,,vc,,,"seed,series-a",Tech,,False,
Fulcrum Investing,Fulcrum Investing,,vc,,,"seed,series-a",Tech,,False,
InVivium Capital,InVivium Capital,Notable exits include Alto Neuroscience.,vc,,,"seed,series-a",Tech,,False,
Giant Step Capital,Giant Step Capital,,vc,,,"seed,series-a",Tech,,False,
CAST US,CAST US,,vc,,,"seed,series-a",Tech,,False,
Network Ventures,Network Ventures,,vc,,,"seed,series-a",Tech,,False,
JumpStart Ventures,JumpStart Ventures,,vc,,,"seed,series-a",Tech,,False,
The Randolph Group,The Randolph Group,,vc,,,"seed,series-a",Tech,,False,
City Capital Ventures,City Capital Ventures,,vc,,,"seed,series-a",Tech,,False,
Griffon Ventures,Griffon Ventures,,vc,,,"seed,series-a",Tech,,False,
Two Roads Group,Two Roads Group,Notable exits include Fast Radius.,vc,,,"seed,series-a",Tech,,False,
Hennessey Capital,Hennessey Capital,Notable exits include Proterra.,vc,,,"seed,series-a",Tech,,False,
Avila Venture Capital,Avila Venture Capital,Notable exits include Lyft.,vc,,,"seed,series-a",Tech,,False,
Founder Equity,Founder Equity,,vc,,,"seed,series-a",Tech,,False,
HCSC Ventures,HCSC Ventures,,vc,,,"seed,series-a",Tech,,False,
Range Light,Range Light,,vc,,,"seed,series-a",Tech,,False,
GreenPoint Partners,GreenPoint Partners,,vc,,,"seed,series-a",Tech,,False,
CBA Startup Ecosystem,CBA Startup Ecosystem,,vc,,,"seed,series-a",Tech,,False,
Pathway Bioventures,Pathway Bioventures,,vc,,,"seed,series-a",Tech,,False,
Nameless Ventures,Nameless Ventures,,vc,,,"seed,series-a",Tech,,False,
Cane Investment Partners,Cane Investment Partners,,vc,,,"seed,series-a",Tech,,False,
IrishAngels Ventures,IrishAngels Ventures,,vc,,,"seed,series-a",Tech,,False,
Vectura Ventures,Vectura Ventures,,vc,,,"seed,series-a",Tech,,False,
SmoothBrain,SmoothBrain,,vc,,,"seed,series-a",Tech,,False,
Sterling Partners Education Opportunity Fund,Sterling Partners Education Opportunity Fund,,vc,,,"seed,series-a",Tech,,False,
Nomadic Venture,Nomadic Venture,,vc,,,"seed,series-a",Tech,,False,
Jola Capital Advisors,Jola Capital Advisors,,vc,,,"seed,series-a",Tech,,False,
G-Bar Ventures,G-Bar Ventures,,vc,,,"seed,series-a",Tech,,False,
Bar 9 Ventures,Bar 9 Ventures,,vc,,,"seed,series-a",Tech,,False,
New Leaf Ventures,New Leaf Ventures,,vc,,,"seed,series-a",Tech,,False,
EVC Ventures,EVC Ventures,,vc,,,"seed,series-a",Tech,,False,
Masters Capital Nanotechnology,Masters Capital Nanotechnology,,vc,,,"seed,series-a",Tech,,False,
Bravo Victor Venture Capital,Bravo Victor Venture Capital,,vc,,,"seed,series-a",Tech,,False,
Rankin Ventures,Rankin Ventures,,vc,,,"seed,series-a",Tech,,False,
Harvest Ridge Capital,Harvest Ridge Capital,,vc,,,"seed,series-a",Tech,,False,
BP Venture,BP Venture,,vc,,,"seed,series-a",Tech,,False,
Polestar Capital Partners,Polestar Capital Partners,,vc,,,"seed,series-a",Tech,,False,
New Coast Ventures,New Coast Ventures,,vc,,,"seed,series-a",Tech,,False,
DunRobin Ventures,DunRobin Ventures,,vc,,,"seed,series-a",Tech,,False,
Liquid Asset Brands,Liquid Asset Brands,,vc,,,"seed,series-a",Tech,,False,
Vitalize Venture Group,Vitalize Venture Group,,vc,,,"seed,series-a",Tech,,False,
Furthurfund,Furthurfund,,vc,,,"seed,series-a",Tech,,False,
Protective Technologies Capital,Protective Technologies Capital,,vc,,,"seed,series-a",Tech,,False,
MooseVentures,MooseVentures,,vc,,,"seed,series-a",Tech,,False,
Educated Ventures,Educated Ventures,,vc,,,"seed,series-a",Tech,,False,
FilKor Capital,FilKor Capital,,vc,,,"seed,series-a",Tech,,False,
Satter Investment Management,Satter Investment Management,Notable exits include Aerpio Therapeutics.,vc,,,"seed,series-a",Tech,,False,
Even Keel Investments,Even Keel Investments,,vc,,,"seed,series-a",Tech,,False,
China Innovation Venture Partners,China Innovation Venture Partners,,vc,,,"seed,series-a",Tech,,False,
ProChain Ventures,ProChain Ventures,,vc,,,"seed,series-a",Tech,,False,
Vue Ventures,Vue Ventures,,vc,,,"seed,series-a",Tech,,False,
Envoy Ventures,Envoy Ventures,"Notable exits include Petco, Arlo.",vc,,,"seed,series-a",Tech,,False,
OlsonUbben,OlsonUbben,,vc,,,"seed,series-a",Tech,,False,
Pondera Holdings,Pondera Holdings,,vc,,,"seed,series-a",Tech,,False,
Thirty-5 Capital,Thirty-5 Capital,,vc,,,"seed,series-a",Tech,,False,
Aktion Partners,Aktion Partners,,vc,,,"seed,series-a",Tech,,False,
Kleinmuntz Associates,Kleinmuntz Associates,Notable exits include Finch Therapeutics.,vc,,,"seed,series-a",Tech,,False,
Adapt Nation Capital,Adapt Nation Capital,,vc,,,"seed,series-a",Tech,,False,
Siena Capital Partners,Siena Capital Partners,,vc,,,"seed,series-a",Tech,,False,
Batterson Venture Capital,Batterson Venture Capital,"Notable exits include Bancorp, Nanophase, Intensity Therapeutics, Beyond, Proxim.",vc,,,"seed,series-a",Tech,,False,
Grow Forward,Grow Forward,,vc,,,"seed,series-a",Tech,,False,
Candid Insurance Investors,Candid Insurance Investors,,vc,,,"seed,series-a",Tech,,False,
Glencrest Global,Glencrest Global,Notable exits include GameOn.,vc,,,"seed,series-a",Tech,,False,
Grafton Street Partners,Grafton Street Partners,,vc,,,"seed,series-a",Tech,,False,
Whitesand Investor Group,Whitesand Investor Group,,vc,,,"seed,series-a",Tech,,False,
62 Ventures,62 Ventures,,vc,,,"seed,series-a",Tech,,False,
Mandell Ventures,Mandell Ventures,,vc,,,"seed,series-a",Tech,,False,
Gen 1 Capital,Gen 1 Capital,"Notable exits include Rocket Lab, Intel, Spire, Revolution Medicines.",vc,,,"seed,series-a",Tech,,False,
Mazarine Ventures,Mazarine Ventures,,vc,,,"seed,series-a",Tech,,False,
185 Ventures,185 Ventures,,vc,,,"seed,series-a",Tech,,False,
Profile Capital Management,Profile Capital Management,,vc,,,"seed,series-a",Tech,,False,
InnovateHealth Ventures,InnovateHealth Ventures,,vc,,,"seed,series-a",Tech,,False,
Angeles VC,Angeles VC,,vc,,,"seed,series-a",Tech,,False,
BRJ Ventures,BRJ Ventures,,vc,,,"seed,series-a",Tech,,False,
Journey Capital Partners,Journey Capital Partners,,vc,,,"seed,series-a",Tech,,False,
Treehouse Global Ventures,Treehouse Global Ventures,"Notable exits include The Cronos Group, Schwazze, Stem Holdings, ManifestSeven, StateHouse Holdings, KushCo Holdings, Amer.",vc,,,"seed,series-a",Tech,,False,
Propellant Ventures,Propellant Ventures,,vc,,,"seed,series-a",Tech,,False,
The Equity League,The Equity League,,vc,,,"seed,series-a",Tech,,False,
Exelon Climate Change Investment,Exelon Climate Change Investment,,vc,,,"seed,series-a",Tech,,False,
Archipel Capital,Archipel Capital,,vc,,,"seed,series-a",Tech,,False,
Gsv Ventures Fund,Gsv Ventures Fund,,vc,,,"seed,series-a",Tech,,False,
PEAK6 Sports,PEAK6 Sports,,vc,,,"seed,series-a",Tech,,False,
KD Capital,KD Capital,Notable exits include Diginex.,vc,,,"seed,series-a",Tech,,False,
Stella Capital,Stella Capital,,vc,,,"seed,series-a",Tech,,False,
C2 Capital Management,C2 Capital Management,,vc,,,"seed,series-a",Tech,,False,
Tribal Ventures,Tribal Ventures,,vc,,,"seed,series-a",Tech,,False,
Specialized Capital Partners,Specialized Capital Partners,,vc,,,"seed,series-a",Tech,,False,
Venture Michigan Fund,Venture Michigan Fund,,vc,,,"seed,series-a",Tech,,False,
Cardigan Ventures,Cardigan Ventures,Notable exits include Chime.,vc,,,"seed,series-a",Tech,,False,
Uncommon Impact Ventures,Uncommon Impact Ventures,,vc,,,"seed,series-a",Tech,,False,
DiNella Hospitality,DiNella Hospitality,,vc,,,"seed,series-a",Tech,,False,
AFZA Capital,AFZA Capital,,vc,,,"seed,series-a",Tech,,False,
Slojo Investments,Slojo Investments,Notable exits include AWH.,vc,,,"seed,series-a",Tech,,False,
IDL Ventures,IDL Ventures,,vc,,,"seed,series-a",Tech,,False,
Lakeshore Energy Capital,Lakeshore Energy Capital,,vc,,,"seed,series-a",Tech,,False,
Orka Capital,Orka Capital,,vc,,,"seed,series-a",Tech,,False,
5pmVentures,5pmVentures,,vc,,,"seed,series-a",Tech,,False,
New Frontier Holdings,New Frontier Holdings,Notable exits include The Fresh Factory.,vc,,,"seed,series-a",Tech,,False,
MidAmerica Ventures,MidAmerica Ventures,,vc,,,"seed,series-a",Tech,,False,
Magnate Capital Partners,Magnate Capital Partners,,vc,,,"seed,series-a",Tech,,False,
Eagle Vista Partners,Eagle Vista Partners,Notable exits include DoubleVerify.,vc,,,"seed,series-a",Tech,,False,
Apple Island Ventures,Apple Island Ventures,,vc,,,"seed,series-a",Tech,,False,
SYKGroup,SYKGroup,,vc,,,"seed,series-a",Tech,,False,
Innovation Stage,Innovation Stage,,vc,,,"seed,series-a",Tech,,False,
Imagine Capital Group,Imagine Capital Group,,vc,,,"seed,series-a",Tech,,False,
1 of a Kind Capital,1 of a Kind Capital,,vc,,,"seed,series-a",Tech,,False,
Trivergance,Trivergance,,vc,,,"seed,series-a",Tech,,False,
V. Gastevich Investments,V. Gastevich Investments,"Notable exits include GTI, AWH, Cresco Labs.",vc,,,"seed,series-a",Tech,,False,
Aberdeen Labs,Aberdeen Labs,,vc,,,"seed,series-a",Tech,,False,
Washing Pond Ventures,Washing Pond Ventures,"Notable exits include Winc, Candy Club.",vc,,,"seed,series-a",Tech,,False,
FyreLake Holdings,FyreLake Holdings,,vc,,,"seed,series-a",Tech,,False,
Euler Fund,Euler Fund,,vc,,,"seed,series-a",Tech,,False,
YASH Ventures,YASH Ventures,,vc,,,"seed,series-a",Tech,,False,
K8 Ventures,K8 Ventures,,vc,,,"seed,series-a",Tech,,False,
Cowrie Holdings,Cowrie Holdings,,vc,,,"seed,series-a",Tech,,False,
606 Ventures,606 Ventures,,vc,,,"seed,series-a",Tech,,False,
Inoa Ventures,Inoa Ventures,,vc,,,"seed,series-a",Tech,,False,
Stairway Ventures,Stairway Ventures,,vc,,,"seed,series-a",Tech,,False,
Digital Wellness Technology,Digital Wellness Technology,,vc,,,"seed,series-a",Tech,,False,
Dillon Kane Group,Dillon Kane Group,,vc,,,"seed,series-a",Tech,,False,
LifeBoat Ventures,LifeBoat Ventures,Notable exits include Bitcoin.,vc,,,"seed,series-a",Tech,,False,
Rush Street Companies,Rush Street Companies,,vc,,,"seed,series-a",Tech,,False,
Candor Ventures,Candor Ventures,Notable exits include GameOn.,vc,,,"seed,series-a",Tech,,False,
Flying Tiger Capital,Flying Tiger Capital,,vc,,,"seed,series-a",Tech,,False,
MDT Ventures,MDT Ventures,"Notable exits include Robinhood, Beyond Meat.",vc,,,"seed,series-a",Tech,,False,
Alameda Holdings,Alameda Holdings,,vc,,,"seed,series-a",Tech,,False,
Avocation Investments,Avocation Investments,,vc,,,"seed,series-a",Tech,,False,
Light Street Investements,Light Street Investements,"Notable exits include Airbnb, Uber, Coursera, Spotify, Instacart, Pinterest, FIGS, Bloom Energy.",vc,,,"seed,series-a",Tech,,False,
Leazar Capital Holdings,Leazar Capital Holdings,,vc,,,"seed,series-a",Tech,,False,
Rayburn Capital,Rayburn Capital,,vc,,,"seed,series-a",Tech,,False,
MTT Ventures,MTT Ventures,,vc,,,"seed,series-a",Tech,,False,
Infusion 51a,Infusion 51a,Notable exits include Theralink Technologies.,vc,,,"seed,series-a",Tech,,False,
